"","Probabilities","Classifications","Cost"
"1",0.0933296371932733,0,1063.94120524404
"2",0.250323673132116,0,2207.57074152571
"3",0.118413025805814,0,1102.56034305028
"4",0.225439614655977,0,1913.23888300359
"5",0.0975402372442281,0,1237.53267916943
"6",0.171175523022647,0,1964.93842320079
"7",0.330769523059097,0,2082.74987434111
"8",0.289505722946506,0,3082.53856220295
"9",0.019285562147706,0,688.646357843585
"10",0.112366281767823,0,1689.01935373955
"11",0.0203955482088578,0,91.1700027628805
"12",0.438549645795706,0,2991.29162417173
"13",0.847278062497633,1,4541.97625874176
"14",0.124697950536341,0,950.296249529779
"15",0.0335292894990727,0,-29.3997460874147
"16",0.553670837107099,1,3365.09759671537
"17",0.780868725703928,1,3488.8944176214
"18",0.106349039800943,0,1573.71922894743
"19",0.523517749262668,1,2435.58426948181
"20",0.420614288061683,0,2200.89261192768
"21",0.153043883122616,0,1835.84923122777
"22",0.383908807482871,0,1768.32352194852
"23",0.043690936150269,0,447.625528348308
"24",0.330895753219803,0,2034.1976437148
"25",0.299828019296655,0,2292.56603332837
"26",0.421937990905267,0,2461.6521146606
"27",0.384285900714914,0,2487.4049380337
"28",0.454660952206305,0,3469.46152712668
"29",0.0528200668341763,0,167.101706709884
"30",0.118074841389868,0,1700.2025416111
"31",0.112584205521712,0,248.755817387081
"32",0.40169918845489,0,2622.6428161814
"33",0.06224606463603,0,1064.70559801502
"34",0.14307862078649,0,1686.7261401143
"35",0.113648895492115,0,1292.74644155922
"36",0.0369997331969668,0,427.416385262065
"37",0.128997777561919,0,1445.26982908905
"38",0.0736584228713137,0,1222.65183004952
"39",0.068247548388585,0,480.604062744156
"40",0.626657716688442,1,3630.0326012966
"41",0.297547335847729,0,1834.14097101661
"42",0.489444126463352,0,2948.32469899796
"43",0.0140810602037358,0,-195.962349142858
"44",0.425412948601809,0,3029.7599157248
"45",0.00355627950613745,0,-1660.68982042679
"46",0.180586654863386,0,1516.7731802222
"47",0.058692861092769,0,-143.272414836523
"48",0.41803974517275,0,2797.23575035685
"49",0.0125873745021225,0,-381.010895310687
"50",0.561103388900086,1,2697.24242937215
"51",0.166209810781344,0,763.475701083796
"52",0.297734868532029,0,2606.16322115253
"53",0.796479242819407,1,4712.45782511486
"54",0.0512328274898504,0,136.916505976662
"55",0.292705166348404,0,2224.63898638629
"56",0.164119828347752,0,2317.87703832268
"57",0.348107722258647,0,2809.8320203003
"58",0.373494866908843,0,2640.11146277177
"59",0.0582978901651273,0,285.415643222139
"60",0.575749623588861,1,2316.50374119182
"61",0.0127957832062508,0,-816.757464187573
"62",0.0352132684418723,0,-67.5093453199836
"63",0.3127096701145,0,2021.78382093429
"64",0.110555691702231,0,1273.01207431804
"65",0.0391287049910754,0,428.185765479805
"66",0.538686445762675,1,1904.67960492069
"67",0.811998432435355,1,4209.226069801
"68",0.473059161696577,0,3788.26614758133
"69",0.140831433306933,0,1307.8746616187
"70",0.051333805001589,0,1416.06673045367
"71",0.0128486679265995,0,-929.539447494063
"72",0.235240668100263,0,1977.32731590842
"73",0.574836994410849,1,3224.29960347206
"74",0.238934928494718,0,1638.74019359202
"75",0.666937566210916,1,3614.24172901637
"76",0.21793196250932,0,1244.79182330463
"77",0.348768218910057,0,2137.68503982457
"78",0.261694770806154,0,2089.12031861472
"79",0.188137112602792,0,1184.71299146915
"80",0.0478055210437444,0,368.143690185071
"81",0.587590058710658,1,2500.96552438586
"82",0.380523345230538,0,2811.46575851676
"83",0.386935272392325,0,2631.87420962849
"84",0.0358981018588705,0,756.817394992935
"85",0.390183711475216,0,1917.10378894917
"86",0.548103754549196,1,3376.46006528484
"87",0.2464476518419,0,1601.32980360536
"88",0.26842777336058,0,1570.99858474296
"89",0.0276987805889624,0,-468.018977207624
"90",0.677601846838463,1,3976.26946609254
"91",0.0624836406081564,0,467.816073635687
"92",0.0706852707442705,0,577.455973594946
"93",0.0398669972790378,0,385.177071152002
"94",0.111349218646182,0,755.641902777842
"95",0.0399837333465457,0,490.270107783684
"96",0.139366688339174,0,1980.23971649403
"97",0.00630973901434483,0,-1066.39020794548
"98",0.274466142691603,0,2041.60166965603
"99",0.267699499803129,0,2256.3145799858
"100",0.122445523303104,0,770.824188275859
"101",0.440775011722734,0,1709.50936692657
"102",0.461728732342218,0,3481.77049866826
"103",0.624626886068346,1,3663.74512435125
"104",0.616262237288671,1,3384.17515854795
"105",0.0702998573972139,0,1276.41444804114
"106",0.0663565122683879,0,1232.88512078697
"107",0.128757143328587,0,1282.55294339352
"108",0.0705483329237716,0,713.283437830635
"109",0.423555414638164,0,2934.59522761094
"110",0.295996907909335,0,1901.53947091411
"111",0.624263592274268,1,2783.88155541673
"112",0.0409920683611144,0,14.0934892330207
"113",0.205576995588062,0,1902.91283766632
"114",0.20794660551951,0,1185.31660811064
"115",0.562224369375089,1,2901.17104999201
"116",0.0317215907442263,0,-94.5591268049953
"117",0.0212155292880097,0,-74.8856944248922
"118",0.751796335461709,1,3420.75588529942
"119",0.569073976458387,1,2348.46277076496
"120",0.122165353229583,0,704.692879095942
"121",0.2410643433054,0,1367.10874084983
"122",0.849200350859776,1,4309.31168120639
"123",0.616937986213393,1,2796.79483273258
"124",0.414516505417671,0,2027.79794929479
"125",0.245871939047848,0,2206.43610459519
"126",0.453324433876155,0,2477.93711511214
"127",0.384659650578121,0,2329.25366795885
"128",0.246087751524843,0,1698.73028118012
"129",0.186689266417387,0,1097.67935966251
"130",0.0529045223385841,0,642.127252660629
"131",0.077547714004623,0,252.908786022088
"132",0.0994240800171426,0,458.982853052077
"133",0.188297721155807,0,1042.52086790062
"134",0.0613550763975048,0,694.09398758666
"135",0.105126988361125,0,1825.1637069471
"136",0.222463780963954,0,1973.59210389547
"137",0.755457146639261,1,4176.64635994756
"138",0.440940633835901,0,3892.11888969661
"139",0.0426714522600377,0,411.078881834721
"140",0.0852174500442406,0,479.315399749813
"141",0.0471587019959134,0,-39.9701844571749
"142",0.729728566928283,1,3671.05673730076
"143",0.0895543691087067,0,942.628157106498
"144",0.164519349770522,0,1038.14381540994
"145",0.0411139492694139,0,602.902833826671
"146",0.695572315033471,1,3273.25971476701
"147",0.115554716922027,0,1075.95743948456
"148",0.10120246277901,0,923.015480648541
"149",0.310117667312715,0,2860.17117507424
"150",0.0180001012069786,0,-380.228924896457
"151",0.410095878930566,0,3118.68233996844
"152",0.259121210427281,0,2707.58001505478
"153",0.703471115738322,1,4335.50845865426
"154",0.537354715834145,1,2583.67518356444
"155",0.234686909698554,0,2149.58181376682
"156",0.438909092383134,0,2389.47519010653
"157",0.0239181124593216,0,220.073050903809
"158",0.16722276649738,0,917.282567629903
"159",0.479349448564859,0,2442.05895340189
"160",0.42062122067209,0,2487.0431675011
"161",0.183798627373025,0,1582.52714913175
"162",0.203559481824205,0,825.200498282238
"163",0.228607694893225,0,2052.65511594219
"164",0.125173397066026,0,187.159604014534
"165",0.47608547894994,0,4414.59071393952
"166",0.225850577513499,0,2012.13816440837
"167",0.0221383193616514,0,1210.64498040668
"168",0.11727586998487,0,1395.69623668799
"169",0.268190950726251,0,1990.3861331947
"170",0.137275510909508,0,988.859049891797
"171",0.0958387065134932,0,1235.39926891998
"172",0.479107471268278,0,3699.50534672942
"173",0.10691025451409,0,1983.35374681178
"174",0.840879828242774,1,5423.23669934302
"175",0.241048745865816,0,2131.84077737616
"176",0.420931774808867,0,2022.52245105895
"177",0.527038294156643,1,3688.9938897694
"178",0.570856623971642,1,3441.50922653661
"179",0.693197646541052,1,3692.36659311264
"180",0.725586027361582,1,3386.92019888599
"181",0.515226285769092,1,3363.31650092218
"182",0.139657070601634,0,2293.04804965519
"183",0.137753240720363,0,1032.04424024802
"184",0.194571468992854,0,1874.57110822096
"185",0.25193952191263,0,2550.39063945233
"186",0.246585839965193,0,2073.57943939413
"187",0.0401754948280066,0,222.863685596343
"188",0.0784520924172461,0,439.960530686383
"189",0.111253926430562,0,1216.2509909412
"190",0.237521853388438,0,2678.88638671601
"191",0.608948937399754,1,2793.59716469717
"192",0.776031272152833,1,3284.35567994409
"193",0.204807380122568,0,2593.75742811261
"194",0.341530048466113,0,1573.56537326518
"195",0.055057483021641,0,681.545743299538
"196",0.557823476101002,1,2436.22603482344
"197",0.418055090991596,0,2528.9096327954
"198",0.172714092499095,0,1969.7063727504
"199",0.274008466996161,0,2101.76047174764
"200",0.122164559923174,0,1224.16378123086
"201",0.168399952205472,0,1216.90173241326
"202",0.367099824098488,0,2007.28448177393
"203",0.0765335918594071,0,1185.81589342545
"204",0.0333169740395245,0,578.853584739348
"205",0.0559853243666914,0,254.764306109825
"206",0.0104484084154525,0,-572.288284066448
"207",0.919890993273193,1,5414.72445991458
"208",0.0230595062250518,0,714.387141820899
"209",0.0558913089642394,0,1151.72480142337
"210",0.0477859439678066,0,318.860864042997
"211",0.0205575091274545,0,-483.933690121397
"212",0.145332529889753,0,1731.19018467392
"213",0.570860256177879,1,3010.84963715192
"214",0.526093608428575,1,3345.42247764675
"215",0.100672985601533,0,-12.0644657814761
"216",0.296340783614131,0,2499.55058795014
"217",0.289938895315962,0,2350.07617102741
"218",0.0700696975590859,0,638.4960546096
"219",0.102629424081668,0,1555.30599184865
"220",0.0378875303115843,0,168.668249179145
"221",0.0226201995706967,0,-14.576433487516
"222",0.0471698572152879,0,644.299955933398
"223",0.392689576720115,0,2318.19217308642
"224",0.350773210896879,0,2447.20276826791
"225",0.123235702961105,0,995.46768102403
"226",0.195163241905106,0,1184.34185493505
"227",0.518253582779765,1,3281.36028667406
"228",0.432014267687218,0,2752.90080248914
"229",0.287852207739826,0,2146.52019198522
"230",0.111507847920049,0,1433.90868540855
"231",0.0696369699824739,0,210.858699403663
"232",0.0448853117576156,0,1064.93179040145
"233",0.334678152734973,0,3843.53787476641
"234",0.086029892680219,0,892.853121246309
"235",0.00716748378279126,0,-825.912040565156
"236",0.23623200900843,0,1374.43107978082
"237",0.0693728894392488,0,995.471670998023
"238",0.00997734289083028,0,-259.83701149275
"239",0.0179872945141579,0,-364.06653427277
"240",0.62281819357484,1,3666.84818259291
"241",0.0283494085738938,0,-32.7662726261857
"242",0.16301066185951,0,1736.27043056859
"243",0.63664162938102,1,4000.81766905559
"244",0.171873526945094,0,1913.42820141879
"245",0.142051878548863,0,1184.6399343987
"246",0.331936735250095,0,2144.66607678708
"247",0.317071835002983,0,1838.71305442964
"248",0.421444802374463,0,2286.88148951195
"249",0.0381489864756112,0,-68.0963697595479
"250",0.476652530110244,0,2533.08243691329
"251",0.582977619886706,1,2734.69444177149
"252",0.595616861748707,1,2482.31147220413
"253",0.0575228690454835,0,934.65817462944
"254",0.266072420851379,0,2327.62390720233
"255",0.458917667447749,0,1955.85121272647
"256",0.201398869869669,0,1971.57967264942
"257",0.101626061816489,0,810.505405796281
"258",0.264405256669315,0,1975.31509368129
"259",0.621223232584344,1,3195.31901428356
"260",0.0593563202829556,0,1360.96556303576
"261",0.0520709696152208,0,183.597720509273
"262",0.0783709051235209,0,784.853596839842
"263",0.19870496791557,0,1433.22137161421
"264",0.0996288231141235,0,1041.61337056526
"265",0.157140626921504,0,1633.15022142335
"266",0.0786628203616808,0,681.677734651241
"267",0.142095444585494,0,892.960222750348
"268",0.0718949344951506,0,423.855648507979
"269",0.852193437941654,1,4749.36696336448
"270",0.472726725961334,0,2262.04753973255
"271",0.462242087303588,0,2474.9607276721
"272",0.0486084410813911,0,398.189590913896
"273",0.23774999892789,0,1817.73880707139
"274",0.624375093690125,1,3323.72174828836
"275",0.0894619248117926,0,1088.31429570515
"276",0.154944233980355,0,2360.60717810174
"277",0.5857810741828,1,4065.78328867862
"278",0.213359745412234,0,1223.48950669291
"279",0.229813210538615,0,1819.0133544636
"280",0.134237589195395,0,972.817754791039
"281",0.163422579348423,0,1751.65157486223
"282",0.163830605901652,0,1932.90737224015
"283",0.255088659818171,0,1663.9368213438
"284",0.291850348142504,0,2082.07374630272
"285",0.411189384399085,0,2237.33678446794
"286",0.525885881879207,1,2734.01433765694
"287",0.0158749166190041,0,69.8615406474194
"288",0.313668697123099,0,1498.41203426302
"289",0.51988378150674,1,1980.96493301634
"290",0.745787040889099,1,4031.66286195372
"291",0.266012261040449,0,2716.7951243052
"292",0.134326603555927,0,898.9612500869
"293",0.10770632449945,0,777.065317475576
"294",0.458813039175869,0,2441.3454900608
"295",0.0261585315699534,0,1018.26103451574
"296",0.389609995655531,0,2441.97523877702
"297",0.208917250172577,0,1733.35055832501
"298",0.468058559580091,0,3037.07100536367
"299",0.0569723360576574,0,28.1976703043655
"300",0.34533468180342,0,1885.40908188589
"301",0.182445151978688,0,2006.70252192895
"302",0.0560816133792377,0,399.237246522084
"303",0.300481349632682,0,1718.23284563134
"304",0.314733505194718,0,2850.60161556141
"305",0.437426873282101,0,2014.78407378711
"306",0.394900452546076,0,2857.34841054355
"307",0.120328865007367,0,1540.93498566147
"308",0.620813718152517,1,2471.47629588986
"309",0.0156482186629728,0,-490.222064274475
"310",0.168710548630346,0,1776.35800206318
"311",0.63700884147212,1,4346.86536104138
"312",0.438833635867389,0,1747.6279747231
"313",0.0316339447406237,0,-115.882770819718
"314",0.892971875521458,1,4961.59912812047
"315",0.202714074116909,0,2074.04660924239
"316",0.128803340330306,0,1117.04119042109
"317",0.214887054804263,0,1709.42810161055
"318",0.0987149565806771,0,898.052861011767
"319",0.501569849997015,1,2746.54668502093
"320",0.0162769427967428,0,-184.050116553566
"321",0.156888931503704,0,852.483631537695
"322",0.681182011252211,1,3342.5835712221
"323",0.136698026473688,0,926.723109447046
"324",0.162387900471226,0,1429.01356990835
"325",0.679087472831048,1,3758.67759450785
"326",0.336183412291812,0,2531.21218232026
"327",0.386202197642955,0,2985.73168673652
"328",0.308908688296697,0,952.120080631005
"329",0.362342601642944,0,2440.27937359705
"330",0.402965755384169,0,1631.36840554691
"331",0.0451952821180932,0,578.951904610989
"332",0.0653927857577837,0,411.49367105003
"333",0.668770821736806,1,3765.29640542465
"334",0.132470027518328,0,958.037793326719
"335",0.192819565806691,0,2570.96049668175
"336",0.290251806113268,0,2591.48783122679
"337",0.15030159884667,0,1388.19532726185
"338",0.440861423288139,0,2137.77226708203
"339",0.0743498252984176,0,1434.61760962431
"340",0.0314214709222508,0,332.269993162021
"341",0.634213056619208,1,3245.44184835672
"342",0.378132401299357,0,3474.42586165719
"343",0.260012640431117,0,2077.77161568067
"344",0.721559328885668,1,3581.41721067999
"345",0.0148392678025044,0,17.063966628891
"346",0.0405427876404954,0,135.949672321546
"347",0.0986488023398068,0,978.484460790589
"348",0.0739143048260119,0,383.376570052758
"349",0.0578156883854353,0,265.807550582844
"350",0.182430670414254,0,1450.98045695477
"351",0.0344929140571522,0,-264.804743132527
"352",0.155792462929155,0,2226.81047861132
"353",0.77995933013376,1,4387.75915934372
"354",0.690512598931284,1,4580.4309443387
"355",0.126497565235242,0,1375.21061491338
"356",0.653083201963342,1,2567.75355622949
"357",0.348328242854857,0,2455.68979161892
"358",0.134583213719775,0,1604.15825182894
"359",0.014917960207186,0,-569.380191113396
"360",0.0672936940103492,0,652.247633544767
"361",0.616608968736342,1,3366.6017984215
"362",0.169667954799579,0,1473.69962404826
"363",0.0716327967890077,0,753.963354846504
"364",0.612565550233102,1,2896.59021520051
"365",0.109711073303364,0,554.808010727538
"366",0.350951042830267,0,2732.27962225246
"367",0.126118399596666,0,639.25021454123
"368",0.394237010565804,0,1491.09271383338
"369",0.0326803101683735,0,126.795636555967
"370",0.145714703552611,0,1325.00365997991
"371",0.133192237450275,0,1625.88043076893
"372",0.189777136598073,0,1845.06084377786
"373",0.454608874617318,0,3922.98441512269
"374",0.168422996331446,0,1463.75262721872
"375",0.149716130004719,0,982.741743695181
"376",0.512352273154712,1,2439.6343191247
"377",0.0155039266658899,0,-547.278946613934
"378",0.130676237658971,0,1837.34592862604
"379",0.0191206304477701,0,222.116586417741
"380",0.0691515228513461,0,1588.60681637133
"381",0.0776855493294874,0,1248.81247752357
"382",0.190591055924038,0,1544.16035887121
"383",0.26732200476859,0,2394.90523559303
"384",0.464576410753677,0,1930.54828894228
"385",0.0366056120432822,0,101.991284963351
"386",0.342425254356489,0,2672.66628893303
"387",0.348490328060744,0,2513.7556563891
"388",0.15668482311019,0,986.480423089929
"389",0.051454804562923,0,-69.3755730074383
"390",0.731882700446994,1,2879.72977393661
"391",0.181756430522735,0,1915.62091769026
"392",0.0709215580891671,0,359.032449422893
"393",0.21028583792482,0,944.063044347575
"394",0.126842131868746,0,1642.23932799383
"395",0.0497389481127392,0,691.241333285077
"396",0.360547258468871,0,2485.69166443323
"397",0.0532028931006608,0,889.543890809196
"398",0.373071659047426,0,2410.0560384105
"399",0.291437313941695,0,2375.87342701717
"400",0.364329208250977,0,2613.56820516314
"401",0.339011634975263,0,2161.22938939023
"402",0.190885243609025,0,1686.33904998342
"403",0.100982281127634,0,851.920140717401
"404",0.0564814172899415,0,663.079641346649
"405",0.067649101167689,0,723.406394077941
"406",0.191673209609863,0,1370.95376610979
"407",0.00799659551006183,0,-1171.07593685112
"408",0.157065555259927,0,2417.96500152308
"409",0.00895386860549511,0,-700.910171608555
"410",0.106035878133855,0,1001.92693587539
"411",0.052400383494098,0,551.667975623048
"412",0.730797079295509,1,3283.12103849776
"413",0.237507236469052,0,2378.19782385607
"414",0.0196726123415218,0,-713.727690162035
"415",0.50446530780833,1,2745.75686542299
"416",0.413517940748371,0,1984.14260302692
"417",0.00909320893029685,0,-433.600596455827
"418",0.375565094426124,0,1749.19776261357
"419",0.00712865288910876,0,-450.516802170772
"420",0.0931277195826282,0,1601.44469050279
"421",0.578509372098821,1,3046.97239064618
"422",0.599673926153945,1,3703.66066245792
"423",0.738961439377215,1,4831.99239675173
"424",0.0225129106580107,0,257.106377201153
"425",0.281443808326605,0,1438.53130682122
"426",0.396942886084452,0,2282.94424162934
"427",0.0689808505173841,0,1141.28749443513
"428",0.265000200783526,0,1441.67150142383
"429",0.433251861170698,0,2579.81428067605
"430",0.257496102224605,0,2417.48912060456
"431",0.345936877290045,0,2013.87545545255
"432",0.0282496490534528,0,140.452738495092
"433",0.0122648738798798,0,-474.372640931131
"434",0.0271181272062189,0,-46.3214734979425
"435",0.313608473644539,0,2164.09481684093
"436",0.752736461214454,1,4894.85324719513
"437",0.0455711263481202,0,182.357097298239
"438",0.0456631757356602,0,621.325744673721
"439",0.172813907223823,0,1427.31926740917
"440",0.115535030074302,0,1123.34968265405
"441",0.016330904735599,0,-802.957959003446
"442",0.132820409200847,0,1550.11042479763
"443",0.0677520435173454,0,314.04559242181
"444",0.145105454643982,0,1332.89536872071
"445",0.0514649489137686,0,-143.456725616904
"446",0.0215919257832765,0,-390.055496141672
"447",0.119518351056695,0,1535.43502302265
"448",0.122398269724477,0,1085.72007073102
"449",0.503967625383173,1,2747.16361114689
"450",0.68360964035048,1,4220.0845613284
"451",0.0568373535830944,0,648.160430906826
"452",0.136802695480397,0,1819.92231730842
"453",0.389258399454053,0,2399.22008496825
"454",0.0954109837958226,0,1626.54700451167
"455",0.29299832470116,0,2211.48161308767
"456",0.450810978194147,0,2667.85553803193
"457",0.231445615845909,0,2320.11822108645
"458",0.728736113151286,1,4759.6256727026
"459",0.026348368431342,0,-526.453844840331
"460",0.427557370700389,0,1472.09421580568
"461",0.0347150986549384,0,224.425005591419
"462",0.0102688734428454,0,-263.196979706416
"463",0.0103637125882587,0,-1104.82296409257
"464",0.381883470262244,0,1942.90821403416
"465",0.0235123437611106,0,415.117128289615
"466",0.0661796860795977,0,702.974438676587
"467",0.808292248423763,1,4993.86030837599
"468",0.670769022614825,1,2764.93304938062
"469",0.216799328301821,0,1263.19066148435
"470",0.260405632046218,0,1735.48723455781
"471",0.0637485773445297,0,89.7999240756482
"472",0.827195360376602,1,3638.51013241263
"473",0.0668953069339958,0,1072.05513971031
"474",0.0554073809400083,0,198.873891958072
"475",0.169663611578829,0,1714.39978227707
"476",0.016355206877211,0,-276.213331842117
"477",0.619262690678749,1,3129.57615448064
"478",0.862760362163957,1,4398.58078814572
"479",0.025832246339186,0,-68.499395286538
"480",0.407613059091375,0,2428.50957390615
"481",0.0258130104888038,0,-74.2377355134745
"482",0.346058714404817,0,1403.21447917026
"483",0.129017001494441,0,1839.95235371305
"484",0.328942574896275,0,1944.76536281362
"485",0.857436790780015,1,3648.92484308609
"486",0.614786082161985,1,2797.01006527921
"487",0.146471411229101,0,1454.03186989098
"488",0.439849508766317,0,2773.14712857529
"489",0.196926473685257,0,1596.1635485679
"490",0.645191051565809,1,4453.00410120409
"491",0.452301099151073,0,3379.04963886294
"492",0.0601486169741766,0,464.437144800115
"493",0.0914667340774802,0,498.990946361642
"494",0.159805099429764,0,1479.24882263593
"495",0.088500379302028,0,1712.8484693463
"496",0.525387454782355,1,2730.19808972965
"497",0.231160979881149,0,1814.51465772448
"498",0.0530501104946217,0,821.114876235978
"499",0.385272875925486,0,2261.49240719775
"500",0.322257100549748,0,2894.42975140834
"501",0.153573960970307,0,1715.22351380673
"502",0.306933631090201,0,1751.40301485147
"503",0.696471349956281,1,3373.11771742526
"504",0.0866941140610498,0,1694.88149899105
"505",0.502990434264042,1,3902.57150713614
"506",0.0549002702428249,0,555.699150666766
"507",0.317956043193629,0,2706.36360165695
"508",0.175184925091933,0,1522.35797551323
"509",0.204636845565862,0,2691.29456893907
"510",0.23783588999325,0,2247.34667463978
"511",0.054354229788144,0,404.132196194346
"512",0.278913610468931,0,1398.85531168598
"513",0.235373788734776,0,2414.18676625039
"514",0.0240083846419733,0,-499.718493573579
"515",0.15893723310719,0,1613.70461525433
"516",0.0502794259980645,0,458.520305738385
"517",0.496094791267935,0,3768.96839352108
"518",0.435127522336618,0,3219.27988416885
"519",0.244686496858795,0,2423.43106799584
"520",0.489958283015486,0,2802.3222452161
"521",0.146540864556096,0,1509.61119829455
"522",0.0993108148680157,0,910.289718174379
"523",0.181024681376971,0,2507.42578507839
"524",0.172731326973183,0,1790.68730878762
"525",0.115035302591205,0,538.983998387231
"526",0.0326191373096231,0,-146.380551575757
"527",0.037434778286614,0,403.892893635883
"528",0.0182252425849184,0,43.5451373408259
"529",0.00621136560540006,0,-1439.40637749658
"530",0.147490920114849,0,1397.50357926244
"531",0.00687479168376185,0,-841.628968787471
"532",0.214577787076275,0,1339.27855544721
"533",0.10977731344131,0,1578.39341248793
"534",0.303368437367014,0,2123.49645404193
"535",0.0334389760073837,0,62.2666764131804
"536",0.158516505785437,0,1870.18996671819
"537",0.193032529889347,0,1301.25445873902
"538",0.0156109533646596,0,-505.343732388157
"539",0.12195982124344,0,1632.35258068346
"540",0.0246288542868064,0,-600.200973972629
"541",0.0366526193625142,0,540.186713727079
"542",0.0680553967304474,0,650.173807849126
"543",0.370997990731446,0,1925.17076766061
"544",0.432000572120376,0,2820.50571785293
"545",0.0136675487837062,0,-328.160838322091
"546",0.269004620934134,0,981.305085226668
"547",0.0524801588884718,0,699.526482363529
"548",0.768029119247834,1,4624.58249456296
"549",0.38506673913371,0,3269.11462862732
"550",0.0434828776262415,0,-16.764843768491
"551",0.114167579253737,0,1047.82174005538
"552",0.0500978886128003,0,1117.00693646234
"553",0.0551211634335719,0,734.055490389542
"554",0.421197712095562,0,2319.7921257552
"555",0.0452165492911503,0,-515.574224889204
"556",0.0750266385237548,0,792.027871615091
"557",0.42256510630901,0,2209.41122813559
"558",0.0485161588450336,0,452.397693040887
"559",0.400892718921219,0,2936.10597758061
"560",0.323544143287305,0,1547.76456889361
"561",0.0514727804201279,0,7.38220100609215
"562",0.41829320710417,0,1758.1501630464
"563",0.313718515281876,0,2047.52526620273
"564",0.256985413451828,0,1347.45086040484
"565",0.32115397788031,0,2383.72569869232
"566",0.114628381669482,0,1000.11547393445
"567",0.922501772820435,1,5360.28960639633
"568",0.361878075802025,0,2233.45548298223
"569",0.282879927636902,0,2786.24638020773
"570",0.464794666138536,0,3252.06659531613
"571",0.113040806516217,0,799.803697937571
"572",0.329567966107858,0,1800.66773204764
"573",0.165201450045745,0,1452.62725912982
"574",0.0571342041876307,0,505.463554368369
"575",0.0789932762208088,0,684.079211867055
"576",0.00304856576574342,0,-1525.07695907081
"577",0.0928405340995076,0,925.47531706554
"578",0.0986309383754894,0,555.569397594475
"579",0.394318802200446,0,2203.46378220453
"580",0.215758148544419,0,943.929716524872
"581",0.0264615487261272,0,-165.661275435186
"582",0.53142097135414,1,3251.83637243967
"583",0.0524627286173788,0,589.734370433654
"584",0.859078039218002,1,3485.09960613593
"585",0.0410668194275283,0,175.255667180226
"586",0.0441386395396903,0,517.432614414246
"587",0.0753322508698388,0,1121.32210005525
"588",0.118975336707931,0,1344.0091185419
"589",0.765395990034219,1,3987.56713175009
"590",0.454485105302047,0,2470.45406849006
"591",0.349853719970634,0,2330.63734322523
"592",0.159249428981897,0,673.171628728808
"593",0.00578703055685102,0,-1318.00093994241
"594",0.486521660614134,0,1991.8322051871
"595",0.53195565485694,1,2659.52843915596
"596",0.5506002764042,1,2514.73232901079
"597",0.467959432894059,0,3238.43547496389
"598",0.31013281735728,0,1819.86637799139
"599",0.182615420754928,0,1346.6523707006
"600",0.700460870149693,1,2743.11776871999
"601",0.408654083101155,0,2693.73326291823
"602",0.173970226151169,0,1255.81140490461
"603",0.10043339599619,0,1100.32207425893
"604",0.138679717021777,0,1650.75982773041
"605",0.200770694548443,0,2678.88528657326
"606",0.295297202905358,0,2435.81758130382
"607",0.528219683237512,1,3973.06363072103
"608",0.0801787331443855,0,617.264415148611
"609",0.122656057979878,0,1430.06249436486
"610",0.05597278716938,0,1354.32755944701
"611",0.101772241816769,0,1890.7772293121
"612",0.286169713217547,0,2173.52843097276
"613",0.00947299062529096,0,-921.268081733206
"614",0.01970505204832,0,346.174898247869
"615",0.35239980010696,0,2361.55123467423
"616",0.0169921261048901,0,58.8569534998404
"617",0.0493444822068004,0,-223.411076441494
"618",0.509642475893838,1,2355.14668948461
"619",0.141842200294184,0,2002.19481208576
"620",0.612813293622181,1,3644.44607345687
"621",0.192229162601854,0,1400.10928440955
"622",0.181259659997202,0,1610.38238667859
"623",0.0691248357009383,0,119.502733294039
"624",0.216734172868213,0,1836.47774309389
"625",0.156139973175414,0,2184.41846572767
"626",0.620059743496225,1,4267.49627485308
"627",0.500536053766687,1,3180.49683248414
"628",0.0746093152074759,0,456.941938891601
"629",0.0243697771062857,0,-253.0109167365
"630",0.419740683989693,0,3247.67068239241
"631",0.0236307377099057,0,268.460906528937
"632",0.320086857787505,0,2137.06365212507
"633",0.108047171711987,0,1054.97163953217
"634",0.125683160260614,0,744.665815795022
"635",0.191480178613994,0,1149.84473727206
"636",0.149936668546881,0,1760.37258909391
"637",0.0743682139972938,0,1066.46354352899
"638",0.576227689881601,1,2899.42351417693
"639",0.214837655840746,0,1614.32648903939
"640",0.249086657682139,0,2384.77867125553
"641",0.225404998998838,0,1558.91247946815
"642",0.264679693346276,0,3227.21116619652
"643",0.038374471298755,0,-217.440498262895
"644",0.0737398763158537,0,-113.65425862849
"645",0.217748654823298,0,2853.49711705319
"646",0.369324201021411,0,3105.98835833031
"647",0.261034937289312,0,2447.53479480221
"648",0.294581731785941,0,2316.78352236385
"649",0.281362208525398,0,1232.43560078478
"650",0.298658897495182,0,2119.75545051874
"651",0.028113928331785,0,287.865378330536
"652",0.0750001072798737,0,480.133784929439
"653",0.834353333151905,1,3710.75050113392
"654",0.00461307815615585,0,-1359.01017896786
"655",0.149637295779767,0,1362.8773906533
"656",0.203885485695679,0,1640.72369131057
"657",0.253472263712477,0,2558.13472626958
"658",0.0235786650675817,0,-293.885942274713
"659",0.162703211408294,0,1253.81265739944
"660",0.0622571075730612,0,480.561567304196
"661",0.403254071622384,0,2487.98375467516
"662",0.497639315636656,0,1893.62838341911
"663",0.281962580149697,0,2042.20163033354
"664",0.169211406964043,0,1931.99334522015
"665",0.189871449235253,0,1093.78921887181
"666",0.440478219048624,0,2618.90611400433
"667",0.198213735789647,0,2157.89575599673
"668",0.0562576588578928,0,167.529891939421
"669",0.369209457469027,0,1713.62536986597
"670",0.0754587707842005,0,1157.04909087387
"671",0.171208349518744,0,1634.95292156194
"672",0.637219129061973,1,3173.250683347
"673",0.554850309441499,1,3093.45497696137
"674",0.0490605517369697,0,185.703958287971
"675",0.491289682732022,0,2624.7927125734
"676",0.151020001314154,0,1644.44435881513
"677",0.101917542353434,0,1730.99142240056
"678",0.346437603104301,0,2804.16929751206
"679",0.0263714910744344,0,-16.9251192501617
"680",0.112578934828261,0,1814.22475177183
"681",0.388581174703765,0,3643.40942427331
"682",0.0830711622110792,0,1198.96864403195
"683",0.315998854375347,0,2070.47368795391
"684",0.0420937556168442,0,92.3551091224804
"685",0.304712232272506,0,1285.28177391288
"686",0.0695140052219074,0,731.809531280725
"687",0.0108130927531015,0,-678.565187358569
"688",0.252295067486874,0,2083.46008925753
"689",0.321873179215579,0,2058.57860936705
"690",0.12106544788932,0,1950.16452429025
"691",0.154781171453862,0,1183.59154883962
"692",0.084395308789176,0,856.136404126203
"693",0.0162190145893542,0,-360.445112448418
"694",0.312855252330932,0,2069.44514860857
"695",0.0680080593786842,0,627.75521364939
"696",0.338121521024968,0,1815.24386053656
"697",0.0409903928004779,0,-504.94117269774
"698",0.276920108984094,0,2894.21216121183
"699",0.227496671284661,0,1507.61925604353
"700",0.200076015666156,0,2110.71088431642
"701",0.0985477005065995,0,1237.33231365377
"702",0.0498106188592883,0,-60.8072257728568
"703",0.331625838763713,0,2500.2259291939
"704",0.0308764949997128,0,-371.884726274071
"705",0.0601687089249016,0,657.947732141278
"706",0.0600969024716323,0,846.74365854521
"707",0.220882095755849,0,1877.69136602066
"708",0.820144178088164,1,4806.56526838789
"709",0.0996079895404391,0,1848.88773890747
"710",0.0880334213554086,0,426.698992128834
"711",0.0861740117917451,0,871.383243938786
"712",0.0323493560256041,0,-153.602619391417
"713",0.316811049481489,0,2476.73371689286
"714",0.222335647773482,0,1845.01342125863
"715",0.0268266130819668,0,187.110218708816
"716",0.0245976243580373,0,-346.453788974105
"717",0.0215496797150615,0,555.409632886191
"718",0.0470929668070309,0,301.785373311498
"719",0.0298302001749621,0,-435.918972994457
"720",0.12862413981239,0,589.816680385274
"721",0.539848541399896,1,2341.43678724456
"722",0.0471357756887516,0,159.61235103669
"723",0.026388602531273,0,-138.090525285353
"724",0.0356069355499085,0,-51.8947734153631
"725",0.0281944005785704,0,164.308813814092
"726",0.142101036804476,0,664.156944153199
"727",0.0354025767210591,0,293.207340231996
"728",0.0311834280788409,0,120.111798431446
"729",0.0744430676073801,0,553.606787175222
"730",0.116034817655099,0,880.822056532935
"731",0.740065474247363,1,2329.52695458055
"732",0.448269642104767,0,2952.39621057962
"733",0.364214998234218,0,2330.29774335854
"734",0.0530313739269207,0,-128.109865791212
"735",0.287550652106274,0,2323.22148112464
"736",0.548877944187796,1,2553.16103048835
"737",0.0419745863055484,0,836.918476838261
"738",0.0727800136823964,0,578.992367908916
"739",0.273079929195757,0,1400.97131820271
"740",0.157840450865131,0,1498.85740749431
"741",0.648620281317319,1,2690.34736223188
"742",0.375666406241039,0,2177.93850759547
"743",0.757829438376663,1,3452.04144013788
"744",0.100715336754267,0,1748.45179755775
"745",0.41243182559878,0,2847.45603323656
"746",0.427814202796511,0,2691.90419296423
"747",0.688084143014113,1,3501.90342975605
"748",0.0972929054436053,0,1652.08759641751
"749",0.0756314891479545,0,469.159053748608
"750",0.255316732135691,0,1878.25004724
"751",0.0800733655799043,0,712.69241617866
"752",0.384468363823315,0,2075.31655194161
"753",0.500850268228037,1,2452.96895989482
"754",0.556529149993715,1,3035.97753523472
"755",0.0573061976335173,0,-66.3448371047784
"756",0.268545057389157,0,2032.41859868328
"757",0.316041701621037,0,2157.97845543009
"758",0.303430121517866,0,1939.62028155087
"759",0.109305175178669,0,1184.45015425853
"760",0.339334896786326,0,1348.64113508983
"761",0.129718640854014,0,1755.34700265718
"762",0.711136102762343,1,4236.79462525159
"763",0.338335413365228,0,3085.6208995555
"764",0.43330616068701,0,3082.31359672589
"765",0.619387716790513,1,2748.36233134805
"766",0.683966265207247,1,3404.08559320596
"767",0.440646208336884,0,2214.17799314177
"768",0.193833644272898,0,1461.207508553
"769",0.241973761847699,0,1990.41841529431
"770",0.103539003288401,0,351.082741934943
"771",0.460014343018595,0,2283.37420850433
"772",0.59832824008675,1,3135.78213122374
"773",0.215766438479934,0,2067.25338033
"774",0.510781194318077,1,3504.74891012021
"775",0.0368352442076408,0,-145.681785252279
"776",0.268789093239861,0,2217.27595761132
"777",0.0716394152415595,0,620.786402977951
"778",0.305503428905539,0,2195.09463734843
"779",0.111968259611085,0,1729.90071283618
"780",0.0158204611966795,0,-645.045714723928
"781",0.281076989802331,0,2053.26728971707
"782",0.738591851421459,1,3907.63672033009
"783",0.0317391688866211,0,97.2537840240017
"784",0.312402841882083,0,3121.52260118409
"785",0.271349123719406,0,1494.48149183952
"786",0.395570252906125,0,2362.75539449067
"787",0.0484104537021096,0,423.135333641885
"788",0.129253843424322,0,2095.21786378124
"789",0.279350884373799,0,1951.16939348677
"790",0.0546156473448594,0,801.64693930458
"791",0.0597355076718924,0,629.882820716
"792",0.133988595065253,0,1250.2058436268
"793",0.238447148376968,0,3278.44002778735
"794",0.19510656922461,0,2157.91222933067
"795",0.224921212798326,0,1422.57046867009
"796",0.256404674298492,0,1340.3087439921
"797",0.091150501781626,0,1020.64747594517
"798",0.809715806884142,1,3408.0706180168
"799",0.649540890074201,1,3435.20992769068
"800",0.34895933082496,0,2393.93314738503
"801",0.0827694400213067,0,1178.61928611298
"802",0.0372878938323723,0,-64.542790825882
"803",0.0482459456218476,0,-385.21054035635
"804",0.332854966354799,0,2109.92049698481
"805",0.0363583584083164,0,-261.775043212551
"806",0.130015353091151,0,1044.91038277431
"807",0.140801217594055,0,1020.71238186838
"808",0.154844162523679,0,1485.77109922174
"809",0.051904158741026,0,134.547647542153
"810",0.351137056260928,0,2767.04711411192
"811",0.326767302413735,0,2489.97637905415
"812",0.0390930447007906,0,165.89527039811
"813",0.0570819420124319,0,480.541021080243
"814",0.0341660481480479,0,-319.438470481802
"815",0.350889459545236,0,2451.26205600371
"816",0.267015277245299,0,1585.04337943573
"817",0.0131337534754312,0,-389.721290750183
"818",0.413826162197037,0,3264.57462484871
"819",0.472846934622287,0,2968.43241667543
"820",0.279502101178007,0,2114.73578013014
"821",0.59707318723524,1,2996.32633832025
"822",0.320433849093402,0,1386.70424790102
"823",0.310806459774929,0,2518.92154295346
"824",0.478795576006035,0,1699.91786070995
"825",0.572305817886566,1,2967.20355570341
"826",0.18774090955894,0,1472.81279817947
"827",0.214556468152322,0,1477.13772772568
"828",0.0427302353611877,0,815.609288385303
"829",0.00908319408608536,0,-10.8790250408454
"830",0.112835318781682,0,1170.26701040572
"831",0.09586415118544,0,693.006236021965
"832",0.0592834953809046,0,105.873505573381
"833",0.373216499238982,0,2476.65206562117
"834",0.0210773973802495,0,-170.783252454051
"835",0.0561512875703617,0,978.087084286803
"836",0.080006264765459,0,1668.5435413144
"837",0.130679784641021,0,1184.92557014958
"838",0.103154150498456,0,1620.79173415606
"839",0.0577520891146056,0,473.385387339676
"840",0.358470232347817,0,2158.48502574631
"841",0.0567420120963621,0,408.523112679908
"842",0.0737366329391225,0,842.732503216858
"843",0.154818503611642,0,1360.72303462515
"844",0.0450195028903568,0,41.5169073335891
"845",0.0343113473540529,0,-12.1956178333588
"846",0.032389776991904,0,-91.9872606235617
"847",0.45066598045493,0,1878.84241968696
"848",0.179068073296172,0,2549.39051694343
"849",0.634744385461262,1,4062.72608991294
"850",0.711233794167097,1,3179.71671237748
"851",0.464815848561529,0,2719.90579987881
"852",0.136463646965952,0,1141.56147687839
"853",0.0662667975208176,0,1058.74123457326
"854",0.174797082490137,0,1501.73410618277
"855",0.590009568289497,1,2879.61717271106
"856",0.00290150910732765,0,-1618.17608594935
"857",0.0352078149552413,0,805.44821578985
"858",0.100897443956041,0,1516.83666428266
"859",0.826761276638282,1,4500.59298452795
"860",0.108085600684517,0,670.758015514918
"861",0.093593717577994,0,1217.12299406192
"862",0.533689318980264,1,3053.30730116217
"863",0.204732303420204,0,1757.30502131196
"864",0.0636671639090819,0,131.807191952991
"865",0.280510692943537,0,1498.66731637004
"866",0.156825026943715,0,832.650366679855
"867",0.571493064907999,1,4061.22169379766
"868",0.101936382334568,0,1003.8404449631
"869",0.0190312466012003,0,-461.147912577626
"870",0.662517090443667,1,3069.3223488862
"871",0.046124096735777,0,607.532756594298
"872",0.618140331113202,1,3570.2581960796
"873",0.0959113839946759,0,1240.67569147036
"874",0.857196797165724,1,4553.48725580712
"875",0.570740656957005,1,1986.98450166546
"876",0.409086290801795,0,1828.99790573862
"877",0.0369232975086322,0,648.194845112877
"878",0.102121496304575,0,1637.42767269222
"879",0.00900753840378423,0,-975.223965618922
"880",0.443645449942834,0,2301.07680136246
"881",0.312627955371036,0,2494.9778423228
"882",0.0861320540993051,0,1884.65225855801
"883",0.0847730812463846,0,948.840350820023
"884",0.0387363474387375,0,908.685104270227
"885",0.597061420263974,1,3249.9355395191
"886",0.281747084949966,0,2224.24988875218
"887",0.670569975455382,1,4154.99518408884
"888",0.0306076742519755,0,-400.083614317555
"889",0.0550706072526747,0,485.396021984417
"890",0.10747363036162,0,1666.86121554507
"891",0.246692678306348,0,2184.00322277323
"892",0.114725593452026,0,864.521287071282
"893",0.0298205775205609,0,135.231002636811
"894",0.0204408150240071,0,-414.331880032492
"895",0.060725015237551,0,633.875881503881
"896",0.250778435888211,0,2206.04559071134
"897",0.253476391740654,0,2038.95884531083
"898",0.0343833049126186,0,402.338451338608
"899",0.437634180152357,0,2201.04251749896
"900",0.306056321840067,0,2333.73904660288
"901",0.0595811879879778,0,511.428591938852
"902",0.115758608899168,0,1241.59250283347
"903",0.671466008918889,1,3971.04184203441
"904",0.0043326547539011,0,-1115.74965653956
"905",0.0289789949431782,0,-416.812521375535
"906",0.13018600136347,0,2019.87241262426
"907",0.395230254611616,0,2835.04914855617
"908",0.0818480435638585,0,860.870916036828
"909",0.44198598123592,0,2264.80251440875
"910",0.518616730785365,1,2309.80778521485
"911",0.670331319419005,1,3856.76248207137
"912",0.120932347089143,0,1540.34429529377
"913",0.0181935545494891,0,-413.185684570864
"914",0.18430624884062,0,1398.77766057958
"915",0.0484826918311241,0,43.6113589869335
"916",0.505180061546263,1,1875.10536690835
"917",0.537654214597746,1,4717.96868349429
"918",0.479722915296779,0,2577.09966209806
"919",0.146342096376887,0,1255.95927186015
"920",0.296851108308096,0,1440.87266155187
"921",0.214794703152151,0,1650.85261974646
"922",0.0574157005109943,0,1044.38562165312
"923",0.0864472259589067,0,1086.10811164902
"924",0.0825123829359691,0,889.719644972159
"925",0.0430179223326431,0,140.14126341304
"926",0.0291326196616299,0,-160.337368046175
"927",0.148646519439313,0,1988.25324925314
"928",0.0214625511269882,0,290.365397808629
"929",0.702915727319348,1,3323.86459840292
"930",0.0179343175653028,0,-734.895196717063
"931",0.178565200620787,0,1469.62020130099
"932",0.901395405693424,1,4895.41142904027
"933",0.0191499529804394,0,775.216219941403
"934",0.442475636122212,0,3509.55843933151
"935",0.317688554430212,0,1950.75966237238
"936",0.445315658950799,0,2353.95981580394
"937",0.11038248948555,0,1165.2478716705
"938",0.32286110687286,0,1921.78189860656
"939",0.314090087377153,0,2420.31522609134
"940",0.271554674119776,0,1846.89521636285
"941",0.686084032891535,1,3612.87229324769
"942",0.0528770882953437,0,606.465754080235
"943",0.566183394050935,1,1983.46491210081
"944",0.181850382390472,0,1199.61940425939
"945",0.406333322972814,0,2596.07597212024
"946",0.0629809493545635,0,800.842191148921
"947",0.253864949102763,0,2060.89458012327
"948",0.194353138656176,0,1063.50685977851
"949",0.127266460531848,0,654.972065921944
"950",0.40842715870538,0,2126.13664566347
"951",0.0549002752093331,0,325.283061646415
"952",0.263280476869841,0,1917.91332652615
"953",0.273737001127402,0,2251.54365200689
"954",0.413100962350919,0,2645.59758645415
"955",0.0500306189755721,0,-165.809860740129
"956",0.497119314267243,0,3047.24970954175
"957",0.284837245634669,0,2056.05469143395
"958",0.243853297479322,0,1464.93776961093
"959",0.20936330395808,0,2179.87386177647
"960",0.0325157950800154,0,444.37605874119
"961",0.560963689574825,1,2364.57880383379
"962",0.257332279957196,0,2470.1210543493
"963",0.347512953289306,0,1987.76675390615
"964",0.0717951095003882,0,859.379177561363
"965",0.051985767601285,0,1166.29008985797
"966",0.616274043996844,1,3467.43662367311
"967",0.20748701997506,0,2360.40131244798
"968",0.285715164564908,0,2315.57287944547
"969",0.0581000006574537,0,79.9943349730354
"970",0.108280270576735,0,1313.12246504338
"971",0.557995127035236,1,3015.69058676626
"972",0.0685670695171429,0,613.526974247148
"973",0.0312144090439019,0,569.787758156989
"974",0.480681586659549,0,1865.87523191769
"975",0.0107721838009567,0,-1080.31972618124
"976",0.317182209111498,0,1705.16003263922
"977",0.271048468533712,0,2046.50960172319
"978",0.0798052391056808,0,905.004810223822
"979",0.0740497611476076,0,686.640850092495
"980",0.288569789959542,0,2466.48984294357
"981",0.0783116218636782,0,907.470261516088
"982",0.0440526303031302,0,492.994427913569
"983",0.660552919119453,1,3976.48275144324
"984",0.497264071183886,0,2982.0787400799
"985",0.738178354925988,1,4242.79787449169
"986",0.542616507404729,1,2843.31624567328
"987",0.302586399264324,0,2461.66980778877
"988",0.0599302595231913,0,529.990227527645
"989",0.244470359855508,0,1778.75587352783
"990",0.467631751012898,0,3130.18954163134
"991",0.0958576139412319,0,1343.23771359823
"992",0.00719262379931562,0,-475.24877812337
"993",0.153875992638166,0,1977.77642004489
"994",0.0535859798515153,0,609.785168383666
"995",0.34748050463033,0,1974.02890598516
"996",0.305469255157384,0,1564.12560851181
"997",0.274436891593506,0,1840.16696256416
"998",0.0353215309290748,0,-69.5419270132604
"999",0.183479825558435,0,1499.06760610814
"1000",0.14693331449291,0,1591.29516229645
"1001",0.343479161698278,0,1315.38538834305
"1002",0.624262505114787,1,4139.43104151434
"1003",0.438662056751263,0,2984.13506746452
"1004",0.202703979013011,0,1241.54476285574
"1005",0.437489959613521,0,3017.70201487655
"1006",0.0126507870144221,0,164.015337133206
"1007",0.109790350180994,0,854.478186504697
"1008",0.339036145891487,0,2654.34861546055
"1009",0.28129546400507,0,1849.31609237935
"1010",0.0677223537202133,0,737.097696914537
"1011",0.310490998063591,0,2178.02373828352
"1012",0.0778149692892154,0,925.115550193317
"1013",0.0751047445677264,0,862.484504244524
"1014",0.031199184541766,0,-435.797121193794
"1015",0.0228558980315068,0,-292.570823152441
"1016",0.440721450124552,0,1919.46368516787
"1017",0.152126249683424,0,1279.50780552728
"1018",0.458831296036124,0,2273.62993968273
"1019",0.321340135230636,0,1766.99852434047
"1020",0.024339330422788,0,-284.243423389631
"1021",0.0808273127415213,0,1432.30167914424
"1022",0.0253406256869982,0,-116.233443294121
"1023",0.506106202449725,1,3773.41882296502
"1024",0.32434616659873,0,2687.36239503646
"1025",0.549361664996206,1,3434.52712100139
"1026",0.72121415940763,1,3285.55445948102
"1027",0.567732164154491,1,2077.12117025931
"1028",0.0368362764828454,0,294.831797044024
"1029",0.187940721751474,0,1179.71698499804
"1030",0.0348582765171368,0,-114.810603691315
"1031",0.0718810724165954,0,1076.61905689827
"1032",0.0753804364449405,0,851.456535526365
"1033",0.112098255453652,0,1712.0112528573
"1034",0.111268183706768,0,639.624191277555
"1035",0.276894133324282,0,1535.98907560269
"1036",0.05913117429613,0,529.144289148567
"1037",0.0378188596526825,0,239.978415079836
"1038",0.0822823960550019,0,996.830871081171
"1039",0.0823450741052504,0,1275.65991372708
"1040",0.132000791807502,0,1786.38379338734
"1041",0.165511687760115,0,1269.94145661193
"1042",0.454829815469131,0,2819.04672038001
"1043",0.603578412508719,1,2086.2228792514
"1044",0.0208507699605985,0,-587.506019183941
"1045",0.778909391305814,1,3989.62796751047
"1046",0.0292241156115057,0,-64.8764145242393
"1047",0.231455440800953,0,2744.2314019508
"1048",0.369351015846109,0,3027.56157869419
"1049",0.549595698387223,1,2846.6817409766
"1050",0.187506171394659,0,2488.77251505065
"1051",0.45223652184125,0,2689.68886296163
"1052",0.421305658075697,0,2526.7838030415
"1053",0.729968490098069,1,3702.60215712049
"1054",0.0253270261613897,0,-389.046323039943
"1055",0.426543574733924,0,3073.52442972939
"1056",0.052378714224243,0,797.431450802412
"1057",0.285517190304443,0,1732.57818755316
"1058",0.00889229888312624,0,-836.41665963477
"1059",0.358529988091963,0,2656.97198506356
"1060",0.521360515804682,1,2971.23459767703
"1061",0.150144875332125,0,1140.46043511897
"1062",0.867755931730782,1,4077.5276997765
"1063",0.438078694005744,0,2620.68194929249
"1064",0.0523859352215156,0,1498.64064792127
"1065",0.0589382521663242,0,431.75536997166
"1066",0.107470320241563,0,1712.51616882704
"1067",0.0835837609584206,0,1531.2806807442
"1068",0.207226787018354,0,1618.31450683981
"1069",0.0275118523523294,0,-311.206131890872
"1070",0.627798565071122,1,2600.42623141852
"1071",0.253548077980142,0,1635.67215709475
"1072",0.0771261589637779,0,602.397054178097
"1073",0.211744139815116,0,1566.67991218001
"1074",0.703967593234542,1,4329.6927375806
"1075",0.180281105995886,0,1867.06662634886
"1076",0.0123481130847442,0,-980.583641623384
"1077",0.0196209501403716,0,-281.137532052759
"1078",0.0350062976153982,0,-227.322610114526
"1079",0.683065421161668,1,3117.98857921196
"1080",0.0344181480584756,0,-433.859353934057
"1081",0.491448263415407,0,3329.86668539418
"1082",0.524463643448505,1,3519.75201396728
"1083",0.060753139365818,0,-77.9071101931645
"1084",0.285892322689732,0,1945.73862289072
"1085",0.579135127386813,1,2519.53864322991
"1086",0.851892840178375,1,4725.23403187972
"1087",0.0177086581776734,0,-468.039995870036
"1088",0.228709733293748,0,1375.03552166575
"1089",0.102271651459645,0,889.460994751089
"1090",0.00875303967126003,0,-1126.29927517208
"1091",0.0665085088349998,0,533.150964221682
"1092",0.0153338843927982,0,-4.68528936934899
"1093",0.109984917466496,0,1313.05604524312
"1094",0.430959868030939,0,2494.71820672424
"1095",0.26268515655478,0,2132.94987569438
"1096",0.163241797504549,0,1654.61366378109
"1097",0.172068119678039,0,1416.32074317363
"1098",0.0555824979563737,0,689.063700829479
"1099",0.392680853079823,0,2538.25989582043
"1100",0.867799004063193,1,3987.12278236929
"1101",0.0140452005862722,0,-682.298885759794
"1102",0.066760824823411,0,487.504006690393
"1103",0.404790913058195,0,1981.49686535375
"1104",0.3975744700401,0,2728.12083370952
"1105",0.273261708644921,0,2715.7553320783
"1106",0.26045209674933,0,1439.77192017771
"1107",0.0422882723536861,0,372.518451671777
"1108",0.200471030655829,0,2237.23889581537
"1109",0.128861496101855,0,856.845593650517
"1110",0.458711777156157,0,1842.70900340862
"1111",0.644343785192383,1,2983.39161516724
"1112",0.16626386465305,0,2618.82459045212
"1113",0.183334290955846,0,1500.64347454376
"1114",0.209131205624078,0,756.258027757462
"1115",0.197305219130574,0,1589.40229850084
"1116",0.00391809620761734,0,-1475.28666709565
"1117",0.270911495210365,0,2369.74827997604
"1118",0.846975972258678,1,4802.44274275217
"1119",0.420706525809278,0,2955.72836730672
"1120",0.107750310811065,0,606.872969985742
"1121",0.427746201788484,0,1861.30138993209
"1122",0.607890493599317,1,2385.19134429584
"1123",0.0486061118712341,0,-160.203011774753
"1124",0.0912146944048982,0,1113.92344692179
"1125",0.132400464120551,0,237.115016580103
"1126",0.280959420552875,0,2171.9607569178
"1127",0.486042111906916,0,4691.44144267086
"1128",0.0400219751275433,0,12.3274455729381
"1129",0.0309938621861991,0,-473.1173304127
"1130",0.146206385915674,0,1477.85641754711
"1131",0.0822777946216038,0,57.9552345398091
"1132",0.0649131172517542,0,1097.37758333796
"1133",0.707212294448097,1,3412.59576901252
"1134",0.0590673478702896,0,595.938940305604
"1135",0.423989353269945,0,3467.27133247823
"1136",0.029067120120505,0,608.875588245949
"1137",0.0751689138008848,0,1041.56385150929
"1138",0.14402360018697,0,1182.89139520461
"1139",0.056337158454152,0,324.372852139072
"1140",0.182736806643968,0,1837.74318120535
"1141",0.0741938092640516,0,766.156878778243
"1142",0.107023237311022,0,1489.82438590092
"1143",0.263774991990044,0,2113.96875670346
"1144",0.354117704862024,0,2637.81487888682
"1145",0.57991745510415,1,3102.39373426534
"1146",0.120623550641304,0,640.047305764619
"1147",0.119470914865756,0,2249.93850866838
"1148",0.722104300660443,1,4343.45908619024
"1149",0.125479620717467,0,1470.15718515368
"1150",0.42071650342481,0,3110.66265376407
"1151",0.49535729721795,0,2073.94993974531
"1152",0.859919544393733,1,4511.04501345322
"1153",0.131649661027154,0,1466.66747074665
"1154",0.29018668326586,0,2287.35590926059
"1155",0.747796243802971,1,3768.26230391163
"1156",0.176224569074379,0,2364.4415347212
"1157",0.0465394308086254,0,-794.265174382989
"1158",0.18000992517341,0,1816.61012434338
"1159",0.223555207376235,0,1220.14737395378
"1160",0.0186232272876002,0,-513.002426453314
"1161",0.0901700578346843,0,378.453924965642
"1162",0.0809487710571172,0,889.019109747644
"1163",0.217785975874284,0,1431.27244419436
"1164",0.0978551782103569,0,1133.30918750398
"1165",0.029089632343385,0,-164.88063171142
"1166",0.282628310266948,0,1783.88174488665
"1167",0.0490126858377743,0,570.461284799622
"1168",0.334519511013595,0,1723.50195241654
"1169",0.350285251818427,0,1965.39534322866
"1170",0.0214675463396745,0,-469.806710427521
"1171",0.570087134983821,1,1985.40581510567
"1172",0.42370630485933,0,3044.793679256
"1173",0.486989987336763,0,3318.90733899074
"1174",0.605183344188175,1,3577.6943272677
"1175",0.0639311182571279,0,-133.079135590645
"1176",0.0579745061453027,0,729.154710492456
"1177",0.263018214843178,0,2037.26019452201
"1178",0.0248712887181261,0,-675.015922153575
"1179",0.208246029499981,0,1832.45168963273
"1180",0.696146836277147,1,3509.95795683566
"1181",0.0396786849497136,0,343.968867691116
"1182",0.89251863295536,1,3971.42517182014
"1183",0.270599180531823,0,803.554276629544
"1184",0.296941700847261,0,3213.60114229483
"1185",0.882492722452603,1,3952.18784013588
"1186",0.0552084455800116,0,321.344371627646
"1187",0.0452168869244139,0,340.566382480946
"1188",0.0609255077956015,0,412.569483732133
"1189",0.202526874983607,0,2071.41471424661
"1190",0.188977097427248,0,1394.71239915804
"1191",0.321515547528482,0,2345.54440506247
"1192",0.0742549366550416,0,937.513196812409
"1193",0.016755133834466,0,-1022.12355423681
"1194",0.590397690094288,1,2808.72516363651
"1195",0.162981688065789,0,1272.51184245415
"1196",0.0157215195820621,0,-622.755201983177
"1197",0.127789582274934,0,1423.89893438591
"1198",0.0242650797231311,0,-215.684389788356
"1199",0.46128769244862,0,2518.10387104252
"1200",0.303542414452892,0,2524.70413842767
"1201",0.257864451590718,0,2217.82602715982
"1202",0.208065934099876,0,1463.40012935257
"1203",0.201767055518992,0,1854.1568396051
"1204",0.224945532780855,0,1390.46713864053
"1205",0.122836076423338,0,1146.11799184163
"1206",0.0232719389077058,0,-104.460543257422
"1207",0.610723744329115,1,2503.89021928316
"1208",0.130899203800354,0,1972.11367081713
"1209",0.162862898943418,0,1778.37401929271
"1210",0.42835369798511,0,2693.12184413815
"1211",0.0259581040840475,0,-380.465348462289
"1212",0.246174275474601,0,2254.7196300052
"1213",0.499639295779977,0,4084.29714281471
"1214",0.0115039404945165,0,-30.6643991445605
"1215",0.045624358126892,0,1646.02812489538
"1216",0.0204020466173803,0,-203.167643522469
"1217",0.557107347982724,1,3099.95142595642
"1218",0.480583345788513,0,1750.47802005725
"1219",0.0475211381877203,0,961.7050888258
"1220",0.0526072343105153,0,212.54033990812
"1221",0.0272356763472205,0,-214.26461217024
"1222",0.227005773141495,0,1443.31538806132
"1223",0.603870315246391,1,3841.83756454918
"1224",0.355624537713895,0,2670.93334374564
"1225",0.632609887527321,1,2891.34938455898
"1226",0.0140670803000619,0,-346.272834697642
"1227",0.0234209676210622,0,102.053753126474
"1228",0.049869254414268,0,631.490568639607
"1229",0.28163064222022,0,2139.06908847368
"1230",0.500555550377596,1,3767.23197405344
"1231",0.110561214752331,0,1477.45389254431
"1232",0.306209858215802,0,1517.39169832346
"1233",0.402512599643142,0,1953.80621257464
"1234",0.704100815372916,1,3674.86619996465
"1235",0.0192282172623099,0,-50.725284356598
"1236",0.00544426054701991,0,-799.330762949559
"1237",0.0107430739042497,0,-611.49495449821
"1238",0.670552096187032,1,3604.318370136
"1239",0.0596469669056926,0,1362.36794181596
"1240",0.0301220522316864,0,26.8907752023999
"1241",0.234287438753202,0,2091.62496016562
"1242",0.0035437493605405,0,-963.10242872739
"1243",0.0143345984968043,0,-781.338753425346
"1244",0.289922577993695,0,1776.27365520395
"1245",0.201763874846228,0,1334.53072933974
"1246",0.652744810105106,1,4168.17711792312
"1247",0.267994045374696,0,2215.12016044425
"1248",0.00630833006887257,0,-872.996671414784
"1249",0.0268396630393037,0,-241.910488035452
"1250",0.0462270095156691,0,532.59047005715
"1251",0.158626085938875,0,1428.79553330159
"1252",0.739897831552085,1,4053.46482852199
"1253",0.0245711107287041,0,-475.506871930103
"1254",0.255447048870457,0,2512.6100306213
"1255",0.174571183120699,0,1602.23598380415
"1256",0.0663952007441904,0,1089.35053035573
"1257",0.602644468674514,1,3547.38775517437
"1258",0.0331922502754957,0,-101.736174179014
"1259",0.369753303065002,0,3008.67404890973
"1260",0.196863272322998,0,1535.22783959475
"1261",0.156023409396572,0,1672.76359436656
"1262",0.300063118295631,0,2272.84754470736
"1263",0.0210664503589021,0,-187.487289490209
"1264",0.807366284346821,1,4027.42090015589
"1265",0.0535713352861483,0,976.920089390638
"1266",0.237513259491007,0,1612.49788233162
"1267",0.332017160470869,0,2583.84057621767
"1268",0.0242702551956095,0,-188.390414337306
"1269",0.409112668492908,0,2656.05895796644
"1270",0.0759545708338551,0,1464.44623638614
"1271",0.285659956712726,0,1817.63699856831
"1272",0.235438924536654,0,2050.24836884833
"1273",0.347593829862415,0,1659.94314883429
"1274",0.160754569529279,0,2213.19501598424
"1275",0.12040628665632,0,1384.10522300467
"1276",0.0208280608092974,0,157.320249027451
"1277",0.19718444761049,0,2935.62366584801
"1278",0.10279614340993,0,1582.8522888659
"1279",0.208806880923291,0,1394.7778747653
"1280",0.0700359786235323,0,1816.56919470118
"1281",0.649758388876536,1,3285.04340832302
"1282",0.243448174671607,0,2080.68952295137
"1283",0.252520944812133,0,2649.89092784792
"1284",0.311022662767634,0,1955.71622716594
"1285",0.397781221178018,0,3196.54688164905
"1286",0.162634118701558,0,1665.62794324605
"1287",0.489535068858626,0,2363.16927426619
"1288",0.169295068509606,0,1847.56574275549
"1289",0.218451746412612,0,866.036175721149
"1290",0.163507568026469,0,1622.37316387562
"1291",0.625047776983337,1,3815.84957292325
"1292",0.306223909593099,0,1904.58102698563
"1293",0.00419537649606641,0,-954.680070396608
"1294",0.374920429991379,0,2245.37041298291
"1295",0.270443644395003,0,2597.92520486199
"1296",0.0865783320830914,0,1757.946583065
"1297",0.286536081181663,0,1522.70603150059
"1298",0.135130661258247,0,1852.78797066512
"1299",0.569202051378489,1,3364.32642227064
"1300",0.335088590291137,0,2360.38625902708
"1301",0.04893341766041,0,566.69710330439
"1302",0.0927617317355979,0,626.893067536108
"1303",0.0443068580165254,0,640.134111402213
"1304",0.122021615461093,0,1427.94442926143
"1305",0.0157193120097963,0,-495.405873232072
"1306",0.0581025696308707,0,-35.7610714632559
"1307",0.484093447107129,0,3413.56082841271
"1308",0.422820954325037,0,2478.62941470455
"1309",0.0512037691857985,0,865.449919134468
"1310",0.64556417042568,1,2996.88836040916
"1311",0.473500026632636,0,2539.77919120038
"1312",0.142807973218771,0,1527.40613490111
"1313",0.847890420649283,1,4961.03517214188
"1314",0.138147210125406,0,1911.92420676164
"1315",0.0231299732581281,0,623.971886134955
"1316",0.0217840689922914,0,-494.067219031559
"1317",0.354937609723021,0,1151.91416695609
"1318",0.0177245412268422,0,-58.2554948990301
"1319",0.0543522524219017,0,172.676956780694
"1320",0.783987009066107,1,3781.66839081837
"1321",0.096982004848783,0,790.903536266809
"1322",0.425319498717058,0,3341.16452841321
"1323",0.759837775428801,1,3051.79545824183
"1324",0.0216418098666328,0,-393.27315321765
"1325",0.0468318504342148,0,280.011672996542
"1326",0.499279357681993,0,3310.66851336091
"1327",0.0715268939717882,0,1002.42502028058
"1328",0.373029957023189,0,1905.47909174247
"1329",0.0127722100770306,0,-870.552518220197
"1330",0.233847176532382,0,1503.41834026663
"1331",0.0609163393612984,0,1036.78703868354
"1332",0.135266687713483,0,666.70443918864
"1333",0.0451042556621138,0,538.184185438263
"1334",0.0707436645536676,0,541.797239378864
"1335",0.294287302676437,0,2071.1405875062
"1336",0.348669419525607,0,1613.83852763007
"1337",0.125027020076499,0,1213.88503213599
"1338",0.0213409819169792,0,-1089.45920766732
"1339",0.310062549874987,0,2101.2309856829
"1340",0.252403842460106,0,1749.01139423853
"1341",0.0957324559426607,0,952.955493224501
"1342",0.533463643494262,1,2559.71155756918
"1343",0.0253157825555316,0,-264.405919259067
"1344",0.105019474789914,0,789.220170571916
"1345",0.646311769946708,1,4202.78229570536
"1346",0.0223993286949738,0,-872.932201795599
"1347",0.112234373521133,0,1721.09296786877
"1348",0.353359130854737,0,2471.51059273887
"1349",0.0240887634202787,0,-800.476646793738
"1350",0.281405937705713,0,1579.5419804854
"1351",0.132330416031289,0,1240.46803483273
"1352",0.599880423838725,1,2447.10397483818
"1353",0.141634805393409,0,236.614552292695
"1354",0.235549734669488,0,1994.87903653616
"1355",0.0317360429802261,0,-152.648871292187
"1356",0.00733868562922905,0,-1218.27790212049
"1357",0.112997581706485,0,1439.82231407388
"1358",0.31908017909774,0,2138.09467350377
"1359",0.0555325510884692,0,765.467806860059
"1360",0.131786154427873,0,1618.81171740768
"1361",0.00792492599528289,0,-562.773340674022
"1362",0.0255833252859134,0,-419.324216268748
"1363",0.470939499326458,0,3676.14238622675
"1364",0.085192811572132,0,816.954279599154
"1365",0.0319791628908379,0,-182.927855164353
"1366",0.176940444388698,0,1965.94384399185
"1367",0.415209712295953,0,3014.48207743693
"1368",0.713712128702411,1,2811.81125339997
"1369",0.272072039256837,0,2566.79425027303
"1370",0.504207075348991,1,3854.78951055634
"1371",0.218608294840526,0,2508.95185267637
"1372",0.0507405632229011,0,326.999841506351
"1373",0.0123383345397304,0,-774.946735891242
"1374",0.21167240083982,0,1980.48921573213
"1375",0.22951578774468,0,1598.85575805643
"1376",0.418444390104086,0,2678.44908252428
"1377",0.385086525201206,0,2743.18023589004
"1378",0.300889205977124,0,2278.76277534548
"1379",0.033230961847486,0,175.680617218735
"1380",0.139125501353946,0,2094.76744143159
"1381",0.406799359585067,0,3491.1214341284
"1382",0.718649067096866,1,3124.21264926371
"1383",0.358546751721382,0,2299.53773460098
"1384",0.0255000130622422,0,-337.114159553557
"1385",0.403781105503767,0,2277.15721907385
"1386",0.0355838591754586,0,-622.116694966381
"1387",0.0626284653590904,0,175.532325335364
"1388",0.0717206308123265,0,472.499717740965
"1389",0.0279383883975966,0,-383.512692852224
"1390",0.328289081250075,0,1706.88943990547
"1391",0.771887545140325,1,3581.38123950833
"1392",0.465891717228645,0,2752.46333032945
"1393",0.0352014408209852,0,114.609870672037
"1394",0.557622183050609,1,2527.77173603163
"1395",0.0554418141649898,0,716.726162106385
"1396",0.0980151852729169,0,1342.91054155811
"1397",0.14365353485535,0,1486.45083141667
"1398",0.461322370923192,0,2896.51486763894
"1399",0.297673363235659,0,2666.00528786975
"1400",0.171389209751357,0,1704.13914664657
"1401",0.238583562080106,0,1940.54926157721
"1402",0.106722010255449,0,1744.94860141304
"1403",0.71116162995275,1,4097.44166159463
"1404",0.60959312838337,1,2392.19125372248
"1405",0.467007644781752,0,2045.40416678845
"1406",0.235831304631596,0,2553.51368262261
"1407",0.0585670436783847,0,688.543317006997
"1408",0.202236827679547,0,1536.22466424231
"1409",0.0500063553481831,0,-633.109446827311
"1410",0.61018067507508,1,3210.66910135277
"1411",0.0842064232485917,0,1075.63133577584
"1412",0.146275656094113,0,1693.29614517999
"1413",0.0290576227968671,0,28.0235939835139
"1414",0.0894543868686422,0,1489.00393641131
"1415",0.0105570257455136,0,-557.201471268696
"1416",0.0228255213503138,0,-598.662897056747
"1417",0.0933140385913043,0,949.245647536489
"1418",0.0228169939173094,0,-125.657787142311
"1419",0.260876454384862,0,1806.76957306163
"1420",0.054852508057773,0,642.626385194915
"1421",0.0084121664544334,0,-774.074765667465
"1422",0.848280396196594,1,5057.38080652456
"1423",0.556443032415957,1,2551.05566692517
"1424",0.0583012550672562,0,1945.56145555774
"1425",0.274861492451696,0,2444.12445528422
"1426",0.842630051486593,1,4904.84615334099
"1427",0.0282181654106244,0,-295.627379127797
"1428",0.15356491253157,0,1758.93284727085
"1429",0.574923802602009,1,2437.82050352656
"1430",0.0317752432836269,0,1092.76001495043
"1431",0.37063502511558,0,1789.67257317586
"1432",0.0137832663136071,0,-237.481003689526
"1433",0.0598403888705893,0,365.383585913442
"1434",0.212919324791387,0,1350.77833556504
"1435",0.0772660788887969,0,790.148277465426
"1436",0.335143819968185,0,2203.19292520492
"1437",0.52431886328858,1,1937.92117486913
"1438",0.694722465889631,1,2726.07099027132
"1439",0.0782601515035259,0,624.619964349493
"1440",0.0317605258116181,0,-291.267484449445
"1441",0.0529434563240951,0,290.537928343539
"1442",0.772508008751563,1,3761.83991895791
"1443",0.364714818400523,0,2625.06456622953
"1444",0.0553566055494152,0,783.925870271616
"1445",0.118614357032789,0,1890.62566427458
"1446",0.607027037582633,1,3308.97693359126
"1447",0.453932453922845,0,3255.47034067548
"1448",0.388857732149558,0,1683.01054281699
"1449",0.17746391092677,0,1610.706653011
"1450",0.0804642812460029,0,110.99123903634
"1451",0.0677670565384084,0,741.558758649575
"1452",0.271366436789899,0,1698.3314598012
"1453",0.165536158459561,0,1731.26845698115
"1454",0.0393826733261164,0,655.386882126181
"1455",0.0187819157167424,0,-438.72135418155
"1456",0.0648548440572015,0,1289.83587620357
"1457",0.716183712323895,1,3788.8361485662
"1458",0.0440244171122615,0,-251.351038244535
"1459",0.0912143387183915,0,1251.26851697035
"1460",0.0516220234611581,0,378.758203321264
"1461",0.00684721111394615,0,-1185.06033978368
"1462",0.100932323818479,0,1575.36749155144
"1463",0.0153136243477714,0,-70.1500453325812
"1464",0.355656995087033,0,1792.26407093288
"1465",0.33509575856448,0,1861.82783982836
"1466",0.211477252531112,0,2457.8776896497
"1467",0.0265333587851023,0,522.537311861524
"1468",0.0564857803308109,0,873.995308670823
"1469",0.162402076179148,0,1639.8387914568
"1470",0.448219342118637,0,2396.98734633798
"1471",0.135627917404518,0,1897.28897686639
"1472",0.107525393039142,0,532.682121510772
"1473",0.0370300383677894,0,-79.343448452682
"1474",0.202420961757627,0,1115.70333124319
"1475",0.20040019493479,0,1489.05386019647
"1476",0.00471800075007906,0,-1208.92915723681
"1477",0.600772763247812,1,2580.39575306819
"1478",0.182311563303083,0,1856.05878033618
"1479",0.0686962212771782,0,1297.97561651767
"1480",0.0468306386813295,0,-212.540249540128
"1481",0.432022307414296,0,2183.4634930274
"1482",0.0071149854374647,0,-1141.82238040226
"1483",0.500937599489903,1,1738.42388468062
"1484",0.228695491216227,0,1624.37033201822
"1485",0.449093032486737,0,2733.14895587774
"1486",0.188507770378672,0,1646.25568316245
"1487",0.13959517225032,0,1481.4656307191
"1488",0.266607798558618,0,1463.67244258691
"1489",0.728518883929484,1,3708.80269704654
"1490",0.129248264274598,0,1642.37807221852
"1491",0.0940733116027394,0,1019.96416954888
"1492",0.708114887327467,1,3481.48557941383
"1493",0.079582650134937,0,705.389284585959
"1494",0.0434719713591741,0,16.6439552439053
"1495",0.723047019476649,1,4145.38322607452
"1496",0.288322106715581,0,2917.2517137049
"1497",0.0560927640421629,0,904.722399210029
"1498",0.0250829941846433,0,-229.574304144236
"1499",0.00888786105629673,0,-27.0447062056519
"1500",0.0407581359591014,0,207.28905842785
"1501",0.0236616778666204,0,-853.88570389286
"1502",0.425325362343846,0,2725.17073403585
"1503",0.212228599364537,0,1854.06397762972
"1504",0.803571523255981,1,4194.03023012995
"1505",0.0996938764278376,0,651.648458165512
"1506",0.310129314576009,0,2205.31925080794
"1507",0.651838063070413,1,2993.6541612789
"1508",0.266622961670994,0,1756.81531254503
"1509",0.20247539376047,0,2020.95021466324
"1510",0.152116105279249,0,2280.84070031437
"1511",0.0326424498724641,0,22.8850745101445
"1512",0.101970719942467,0,1823.38911972671
"1513",0.0374991311356968,0,646.16993593986
"1514",0.148975081119224,0,1933.77945178959
"1515",0.291598266131131,0,2516.28275884149
"1516",0.363504559828164,0,3101.85032803624
"1517",0.0220350619409068,0,-328.155922787577
"1518",0.538949037384166,1,2188.83098410107
"1519",0.293205535038597,0,2485.27682492286
"1520",0.0478899348278212,0,736.832105183621
"1521",0.424052229669612,0,2640.93855634267
"1522",0.0437001852141964,0,-135.799421282809
"1523",0.0700152934227758,0,1254.87044981586
"1524",0.26601471157466,0,1800.6601480483
"1525",0.0126425809449498,0,-831.234657075437
"1526",0.379808019787673,0,2078.83138517407
"1527",0.203810109855358,0,438.197198738551
"1528",0.270970164136793,0,2252.45040878179
"1529",0.544140433257903,1,2996.07955042007
"1530",0.679410764888493,1,3068.7268082
"1531",0.271467639109694,0,1910.1922815208
"1532",0.394362441347369,0,2737.28528614825
"1533",0.0401469189254176,0,-405.232718739459
"1534",0.0390467984391967,0,-155.69950433424
"1535",0.463525653408313,0,2453.96058650799
"1536",0.404279076569482,0,1898.00394608516
"1537",0.0863492037724738,0,1227.99473491917
"1538",0.270935631374719,0,2107.2261513145
"1539",0.716497966603702,1,3780.97340302645
"1540",0.652483675736537,1,3827.48099668051
"1541",0.0542939900959583,0,204.678917336134
"1542",0.260801871963418,0,1656.34976257962
"1543",0.0372865758390107,0,-122.765502777394
"1544",0.499506351165574,0,2943.20074519089
"1545",0.628866655053491,1,3387.058426413
"1546",0.136341654866888,0,1634.46624716504
"1547",0.0788968500097714,0,754.195689698721
"1548",0.224071237467105,0,1622.94764531076
"1549",0.164650732258289,0,518.889111350201
"1550",0.132327137075033,0,1382.81746972772
"1551",0.273563899328046,0,2107.77003517633
"1552",0.0914405093220978,0,947.536800092705
"1553",0.0732705534735392,0,387.469885490542
"1554",0.681094245703822,1,3151.5171732183
"1555",0.164196674320334,0,1627.80689350461
"1556",0.0501478963973482,0,469.037499032536
"1557",0.0847129601343289,0,2124.02077705104
"1558",0.0332611975276172,0,320.501448794499
"1559",0.355849578042467,0,2507.38125215611
"1560",0.186292471148375,0,642.614527167544
"1561",0.108476733305269,0,1098.17708575697
"1562",0.456566594594576,0,3448.19994304672
"1563",0.350561474385094,0,2569.75408192541
"1564",0.356789663760533,0,2630.44090092825
"1565",0.729404034997598,1,4750.38953490886
"1566",0.153701729904283,0,1086.97423120265
"1567",0.117110151555142,0,800.046572148509
"1568",0.203825180661501,0,1674.22686459574
"1569",0.175761787383186,0,1983.83597091867
"1570",0.505093001795853,1,2376.82820531774
"1571",0.506795477115835,1,3271.71508747077
"1572",0.0628002561787143,0,971.816691164783
"1573",0.0171578664891554,0,711.197474407857
"1574",0.351550647007695,0,2632.4910066294
"1575",0.0454037391244967,0,498.37913207762
"1576",0.421390168861298,0,2139.62283081105
"1577",0.181493106796607,0,2412.39953257075
"1578",0.0473775529254403,0,1106.97336348474
"1579",0.0805173911209634,0,919.002559773362
"1580",0.184316906683312,0,2389.70215930593
"1581",0.25398370544523,0,1712.22319453209
"1582",0.0177531707856722,0,-353.567546678353
"1583",0.146214180094165,0,1024.36712190736
"1584",0.0526352875115771,0,798.178301977111
"1585",0.0819433322620525,0,656.794461264936
"1586",0.0360065616114833,0,793.746063113914
"1587",0.0187618707788353,0,-387.861813578366
"1588",0.306326182730644,0,2015.96157724933
"1589",0.0154114599112947,0,-662.587499535145
"1590",0.29283785045704,0,2313.73456716728
"1591",0.430992180290621,0,2371.79666340328
"1592",0.828448429129056,1,4357.50385109409
"1593",0.0494607526515157,0,-345.548938939276
"1594",0.0599876818246436,0,1028.58154934058
"1595",0.076994681420184,0,790.991752847905
"1596",0.137915702261151,0,1274.42665458034
"1597",0.371248779807532,0,2196.35317992937
"1598",0.148150552374004,0,1614.52802246355
"1599",0.12790726502238,0,1185.00168166641
"1600",0.349369976705808,0,1867.46413610313
"1601",0.471013882544651,0,2309.24057808042
"1602",0.241921363414806,0,2595.91893169672
"1603",0.267822290363259,0,1594.66308481522
"1604",0.563915726991636,1,3398.51503923873
"1605",0.230288607202191,0,1866.69316879369
"1606",0.690433619517697,1,4258.04323722101
"1607",0.014681211373967,0,-756.806480323455
"1608",0.0516533010758903,0,821.096899557131
"1609",0.106342350889568,0,1347.82523935084
"1610",0.803160441249176,1,4002.52005630838
"1611",0.481670715693932,0,2069.07556044975
"1612",0.0907293703052612,0,977.339548753336
"1613",0.0656989690490922,0,989.533630780658
"1614",0.277733680805073,0,2493.90961581996
"1615",0.219094385658544,0,2590.93670807181
"1616",0.526095429984775,1,2711.43470827724
"1617",0.235219155637459,0,1466.34383530263
"1618",0.540372573701007,1,2707.92227198029
"1619",0.152609205018505,0,1486.00047932063
"1620",0.302021880891455,0,2038.30619408192
"1621",0.717614322475714,1,3208.07193841815
"1622",0.0479535054799589,0,699.521548865961
"1623",0.47679520594987,0,3171.78900792995
"1624",0.134380643003931,0,714.006700067872
"1625",0.253209448044032,0,1182.52512105148
"1626",0.222932856787196,0,1611.45357157682
"1627",0.304271740081053,0,1861.91150921155
"1628",0.0421055304530185,0,372.467526354783
"1629",0.146272582090287,0,1402.95588136544
"1630",0.83853455213031,1,4815.26172491072
"1631",0.0999769302574822,0,1958.53322017226
"1632",0.697614781160636,1,2929.96395280456
"1633",0.0756671891220086,0,640.55746658282
"1634",0.375658190947949,0,2182.20888438629
"1635",0.144808681181686,0,700.684883667134
"1636",0.290090012486883,0,1349.81275317439
"1637",0.49205714872901,0,3244.32586774592
"1638",0.225328550433476,0,1940.49738503791
"1639",0.152918212470817,0,1118.13636098286
"1640",0.235220979030445,0,1866.18011236786
"1641",0.0364085062383614,0,326.134926364484
"1642",0.194278381004803,0,1450.81332835371
"1643",0.156426160258381,0,1332.98042742069
"1644",0.0985704783126469,0,1268.54521422333
"1645",0.313723294408971,0,2053.95765045573
"1646",0.0129165284713507,0,-819.546461439868
"1647",0.237635934609759,0,2568.75990546572
"1648",0.16931122843564,0,1654.91778360362
"1649",0.0352370245988584,0,6.50783488111978
"1650",0.58545293746693,1,2554.18752693925
"1651",0.150932458152072,0,1475.81330124745
"1652",0.00860049578056283,0,-854.453654946151
"1653",0.235939606099895,0,2359.45613034467
"1654",0.023059809560762,0,-288.153176076021
"1655",0.462339195539341,0,3083.54440981147
"1656",0.269220539849161,0,2767.09546777222
"1657",0.00322043213766424,0,-1398.88083134233
"1658",0.0522546567171514,0,529.645439391443
"1659",0.142857917133194,0,1400.26104611623
"1660",0.0686577889679447,0,512.787256518493
"1661",0.527919723965157,1,2205.16769286249
"1662",0.617845249183015,1,3833.46871309804
"1663",0.57805597383075,1,3258.26174059852
"1664",0.622548267007883,1,3973.76471447696
"1665",0.875198324373767,1,5320.53094397182
"1666",0.0172138658860954,0,137.411014589776
"1667",0.342733843426888,0,1852.35509489949
"1668",0.229100557046801,0,1949.78556666097
"1669",0.770426336050984,1,3891.78932214042
"1670",0.0921919331750043,0,253.257897991462
"1671",0.539181498211748,1,2754.87453859952
"1672",0.177857334785064,0,2261.04068330281
"1673",0.713662923669621,1,3638.60737093833
"1674",0.129132498312706,0,1134.1805785812
"1675",0.0306619396675739,0,-463.670458749707
"1676",0.23410257706484,0,1621.64493041274
"1677",0.0271627420254622,0,-250.607320970523
"1678",0.0402907336018846,0,1476.93249131275
"1679",0.173289879904975,0,2033.17580558224
"1680",0.266247454998503,0,1816.8492489085
"1681",0.0617162212052195,0,908.574777098517
"1682",0.840124982316023,1,3564.13995569315
"1683",0.703599312209246,1,3163.18481192636
"1684",0.195370797785313,0,1488.26870767443
"1685",0.364773586218461,0,2626.6592534333
"1686",0.202486501224178,0,919.569056603184
"1687",0.0340405987974606,0,-317.257122989894
"1688",0.311889645541465,0,2570.74864349229
"1689",0.0155484581717578,0,-690.293310612261
"1690",0.0337790047123599,0,-301.545317305034
"1691",0.0428848662098879,0,-382.455876222616
"1692",0.0647499842558787,0,1492.86127981173
"1693",0.0291586892939359,0,716.816221303395
"1694",0.378324112347147,0,2853.29844373894
"1695",0.402678728136631,0,1857.08762300044
"1696",0.776403803661108,1,3317.4059003985
"1697",0.124659012527003,0,356.557291455973
"1698",0.476866998258869,0,2779.83618194186
"1699",0.851497185316245,1,4783.00530554157
"1700",0.0321964650508947,0,768.327079888503
"1701",0.395660266373871,0,2662.72833733688
"1702",0.0207194078465344,0,-496.014682749357
"1703",0.105956719758432,0,912.734352585499
"1704",0.569320155511196,1,1633.16768836003
"1705",0.139496873059454,0,1600.68813183795
"1706",0.0791972267872782,0,1539.40349146813
"1707",0.652621852414877,1,3343.46938985753
"1708",0.0952902449546913,0,1253.31174322963
"1709",0.686906615735343,1,4181.87637279839
"1710",0.0582059664805872,0,215.022010338167
"1711",0.286870595430433,0,2207.59188660095
"1712",0.00626056474664415,0,-636.360268493545
"1713",0.45258799540557,0,1848.78493186335
"1714",0.193561588835308,0,1422.86968580032
"1715",0.243575934366343,0,2394.09445030202
"1716",0.0274230034740469,0,157.933171580073
"1717",0.0619416082746946,0,1093.22504348166
"1718",0.0570830622044062,0,712.499023133899
"1719",0.317320662326508,0,1783.37099551053
"1720",0.0512608717123978,0,-79.1954979234841
"1721",0.352295286616797,0,1694.24496746095
"1722",0.289125280234732,0,2327.55145739431
"1723",0.241165296525164,0,2045.19016727183
"1724",0.190624074546976,0,2382.65221220693
"1725",0.32022652620044,0,2622.10646614885
"1726",0.00264880755887001,0,-1923.8188876944
"1727",0.109639275764709,0,466.664990262024
"1728",0.155916888741031,0,1940.28243051775
"1729",0.716317913058956,1,3633.26751919767
"1730",0.304419077959243,0,2093.03731631248
"1731",0.513258006327006,1,1985.75330327616
"1732",0.0409919866424161,0,558.46932756609
"1733",0.0222868136327631,0,-373.610399811467
"1734",0.336115678276886,0,1930.23705938147
"1735",0.110379784223572,0,646.35265985102
"1736",0.042343665611279,0,424.667786748492
"1737",0.411266800183126,0,2302.7554002972
"1738",0.141059173117489,0,984.788234371543
"1739",0.169711131976752,0,2054.71422823217
"1740",0.018762657693763,0,615.248501848345
"1741",0.843733842235086,1,4478.99770323988
"1742",0.195373119514024,0,1171.66867752769
"1743",0.0349498072025986,0,-440.676085140499
"1744",0.0287105954562877,0,96.7335062298438
"1745",0.361206479324243,0,1707.78710166687
"1746",0.102472737107322,0,1467.2120625244
"1747",0.140764653339846,0,1494.1598219452
"1748",0.210971623764751,0,1679.99015074689
"1749",0.486000571071463,0,2764.85676899603
"1750",0.252261986337032,0,1572.29423691623
"1751",0.158927784000784,0,1562.92291431702
"1752",0.184551476508882,0,2439.42582905121
"1753",0.110901539905474,0,1093.80239330121
"1754",0.665635184168955,1,2806.877356093
"1755",0.0306066807493086,0,406.270981041491
"1756",0.108265223865618,0,1927.88693753597
"1757",0.0908539194401694,0,924.218356949925
"1758",0.434164585301861,0,2380.52475916229
"1759",0.16545693201022,0,916.872344143527
"1760",0.120598660950129,0,1121.05679381068
"1761",0.569780241036278,1,4525.54945082486
"1762",0.0323018517940493,0,-546.738246103138
"1763",0.143016650528296,0,971.251796580906
"1764",0.0462598801782287,0,327.936039897698
"1765",0.208520339277324,0,2200.71786454308
"1766",0.703203706991231,1,3614.45143879914
"1767",0.0479215247498132,0,-52.6749505598934
"1768",0.258145420630988,0,2107.34244491878
"1769",0.0833145774617397,0,686.533257698345
"1770",0.164610123886716,0,255.449817537438
"1771",0.0120486945703983,0,-20.188517966744
"1772",0.122159437684635,0,862.560792065595
"1773",0.266760357209849,0,1829.04558548971
"1774",0.703894876987715,1,4252.73563450021
"1775",0.266372293153737,0,1997.52399750413
"1776",0.0238732686855591,0,-557.345583174373
"1777",0.684937948702859,1,2859.43283268596
"1778",0.431674531539169,0,1663.18504573791
"1779",0.506894401558658,1,2638.54865686946
"1780",0.289901070957177,0,2374.92451350179
"1781",0.100950127713125,0,1708.39713937045
"1782",0.0734445684858228,0,647.054907642354
"1783",0.286278404881919,0,2804.3653302631
"1784",0.348415954462865,0,1239.60729447386
"1785",0.253917456436889,0,1484.28419880608
"1786",0.101880857112932,0,1377.02052147046
"1787",0.139111213573286,0,1385.00769076904
"1788",0.0139148788211469,0,-96.616478007198
"1789",0.812452638472325,1,3495.61502472452
"1790",0.185639141788046,0,1938.83608217571
"1791",0.0898396732000213,0,437.905621167168
"1792",0.149812009976126,0,849.604708317852
"1793",0.22184009243405,0,1897.00459518123
"1794",0.292620772211962,0,1973.59649150134
"1795",0.152751262186167,0,1372.27215424211
"1796",0.355596179271165,0,2196.21545770783
"1797",0.0152322823085973,0,-752.449462242955
"1798",0.117164696633241,0,1647.96572402882
"1799",0.0370684421262552,0,272.403657153269
"1800",0.270356243027583,0,2507.08356705701
"1801",0.370078513372653,0,2508.69100421378
"1802",0.148940209932475,0,1136.94783457439
"1803",0.0827722865664366,0,698.006329737856
"1804",0.141620178695572,0,1899.63080856321
"1805",0.0997661597141041,0,647.092121180374
"1806",0.273867353152706,0,2044.37742156127
"1807",0.778859866873664,1,3798.31574905123
"1808",0.534017390159265,1,3350.2291192506
"1809",0.163324848405433,0,1280.44943045053
"1810",0.0833022952807443,0,1543.358835687
"1811",0.172702107686046,0,824.346981850534
"1812",0.0621764752229516,0,205.167511061648
"1813",0.57393765837,1,2728.24100656106
"1814",0.351217235785936,0,1740.60872817295
"1815",0.548427643026088,1,1898.57980028809
"1816",0.0719404674492341,0,210.055427186343
"1817",0.0731222106118102,0,-540.133426722207
"1818",0.157540914189476,0,1151.18338971166
"1819",0.213831412381705,0,1021.4753467901
"1820",0.30602283022453,0,1952.77699748142
"1821",0.0279076946959441,0,-670.417055438256
"1822",0.101279432213029,0,1374.63011459669
"1823",0.0247951417936957,0,-117.052319764185
"1824",0.240678904413422,0,1737.59419583905
"1825",0.370038602856041,0,1900.40278088463
"1826",0.666711645599566,1,3395.00362150663
"1827",0.190139341524799,0,1903.11070374149
"1828",0.354973240753131,0,2566.58441635762
"1829",0.00563206377686063,0,-1260.75842663667
"1830",0.295837913313105,0,1766.0929836665
"1831",0.174260695916382,0,1251.00927196166
"1832",0.0829395935185269,0,-310.401874718159
"1833",0.121336953632031,0,1632.27393671043
"1834",0.113511204371145,0,187.052912544257
"1835",0.305917625392257,0,1674.21749416851
"1836",0.101614346168995,0,1524.42771494069
"1837",0.106957381631385,0,563.878204399662
"1838",0.768050369180264,1,4137.20619032809
"1839",0.0418452439161193,0,-196.171125940173
"1840",0.732308461444275,1,3515.62908491445
"1841",0.0366720576887022,0,-46.4673984930635
"1842",0.0599642742128377,0,1062.18709227282
"1843",0.207680268764345,0,1408.72463535935
"1844",0.137882488417702,0,1433.60442159368
"1845",0.0341941025582683,0,165.258121128113
"1846",0.057001169134803,0,751.826047119806
"1847",0.0915994726131129,0,1134.31184846227
"1848",0.0824578401887211,0,921.085646857902
"1849",0.300654806881384,0,1957.02400883195
"1850",0.0939837364723783,0,1623.43231526106
"1851",0.299906421192303,0,2086.13007879798
"1852",0.195498704642534,0,957.868829979982
"1853",0.183419059013491,0,2184.66083292085
"1854",0.00435033038101372,0,-1272.86395731809
"1855",0.012365656945944,0,-1068.04857252508
"1856",0.279546697308775,0,1950.17129034525
"1857",0.050478517737803,0,513.937073638216
"1858",0.220552673445533,0,2112.81557881916
"1859",0.105329083789643,0,327.681212585588
"1860",0.0351166144005729,0,-21.4643069439977
"1861",0.219987851850089,0,2127.60196015463
"1862",0.0158403391730841,0,-702.040696172119
"1863",0.122755039095016,0,452.013528626542
"1864",0.253435702872559,0,1418.92383919588
"1865",0.310898354274565,0,2227.69005120954
"1866",0.130473564913724,0,1095.81625334781
"1867",0.0955085483214642,0,227.522516538775
"1868",0.0397519370061874,0,254.355117010569
"1869",0.323883105767589,0,2744.49339355115
"1870",0.365821622021107,0,2053.76016827865
"1871",0.638503533996116,1,2989.58144686312
"1872",0.24021741890806,0,1665.97816073023
"1873",0.0328362613779375,0,-181.881417390587
"1874",0.0484173884723501,0,96.3675759904733
"1875",0.200590999569162,0,1619.00138562176
"1876",0.146207766706207,0,1213.96995929088
"1877",0.0228844102919126,0,-435.880526797489
"1878",0.736066933316165,1,4151.28846516707
"1879",0.326202099477652,0,2776.88347226698
"1880",0.337613432669049,0,2753.09301365567
"1881",0.0842651532534544,0,713.767779641756
"1882",0.0590790011089103,0,943.478740325228
"1883",0.0410769755020758,0,113.5534580253
"1884",0.0958827472485996,0,928.791284767774
"1885",0.366540059977876,0,1254.95669459267
"1886",0.306320746897529,0,1367.05711199253
"1887",0.151900484205423,0,811.207511397392
"1888",0.0660500835704383,0,974.308010747755
"1889",0.17303764855941,0,1719.7138938932
"1890",0.309159133566421,0,3244.85591000137
"1891",0.0428814521629709,0,227.638150564316
"1892",0.305989286804309,0,1749.01515416682
"1893",0.0200802184491337,0,-489.517098339488
"1894",0.0166029410103935,0,-322.164199913973
"1895",0.297212540169319,0,2670.59646415809
"1896",0.143893864956318,0,1015.10901751995
"1897",0.230685119778193,0,1134.35434755529
"1898",0.162299985696955,0,1846.05715372012
"1899",0.111248874898707,0,1511.84907730256
"1900",0.616528367067985,1,2759.5784725441
"1901",0.183640922399243,0,2538.43993004237
"1902",0.172039692207893,0,2892.06661331444
"1903",0.0292316386711235,0,-160.809575685986
"1904",0.340900701890925,0,1659.57657677905
"1905",0.226252316048602,0,2444.48591689548
"1906",0.0278141891457515,0,-417.27980550195
"1907",0.00996038929477042,0,-529.597551946512
"1908",0.135071459774326,0,2079.53456369261
"1909",0.302861963570394,0,2661.68960264351
"1910",0.757500607198219,1,4162.33323925208
"1911",0.393438494456779,0,1790.50299643081
"1912",0.320956222053563,0,2344.464382076
"1913",0.065087477801335,0,392.448277650475
"1914",0.180310179035256,0,1957.59549432091
"1915",0.391442664424596,0,2088.85990619448
"1916",0.311837631864396,0,2008.56461229375
"1917",0.0901480856873941,0,813.926407933016
"1918",0.0311967625144414,0,-109.285099827685
"1919",0.0701339806089381,0,270.332129071429
"1920",0.208449114602788,0,1632.75320061403
"1921",0.0217908931725079,0,-102.561873974014
"1922",0.454603160952467,0,2064.50876398615
"1923",0.0708343433393178,0,579.6964167774
"1924",0.113448322295984,0,1341.19493837627
"1925",0.306409765147908,0,1618.89891190155
"1926",0.00454188309692606,0,-1410.54612646245
"1927",0.132989140737167,0,808.523465523233
"1928",0.0822692015091177,0,1411.28701960603
"1929",0.0109358110302264,0,-395.221489020939
"1930",0.0856952348322882,0,887.096945703872
"1931",0.00630199851619816,0,-1249.63974891509
"1932",0.174986209388648,0,1429.65923342304
"1933",0.357344964365483,0,2318.70267565781
"1934",0.545474118299949,1,4152.55521525882
"1935",0.0805100207799672,0,1422.12136007885
"1936",0.372563229300994,0,2562.59406785184
"1937",0.274136289631973,0,1260.05345927345
"1938",0.0212287935911751,0,-627.525443056479
"1939",0.127195391532105,0,1506.6093435525
"1940",0.0543116365380529,0,1118.0928584926
"1941",0.0545000639292791,0,739.458010717454
"1942",0.0497093176997561,0,248.668180721341
"1943",0.0677409297697583,0,350.527960708196
"1944",0.032880588251056,0,183.163468815782
"1945",0.0138245146692215,0,-1266.20469274857
"1946",0.29981071224748,0,2580.42877486616
"1947",0.617592256187349,1,2897.7720817435
"1948",0.0436388668037966,0,61.2262224238153
"1949",0.889131806788178,1,3371.52775979724
"1950",0.0363393989866711,0,541.597644551495
"1951",0.290304868256332,0,1988.26626875158
"1952",0.0949088328386232,0,1235.65054447693
"1953",0.534587689718153,1,2525.16482469426
"1954",0.318876426473892,0,2707.29293012634
"1955",0.108332815263701,0,1434.7066954412
"1956",0.344868703020624,0,1836.13169713742
"1957",0.10639416565784,0,343.915707145067
"1958",0.119090778882558,0,959.623237953585
"1959",0.1836494942502,0,1220.17782326122
"1960",0.315807454759254,0,2271.32821441803
"1961",0.593056969257223,1,3815.30260771111
"1962",0.318487241501137,0,2502.16490894066
"1963",0.303540328537464,0,1897.39292116014
"1964",0.273575653877091,0,1878.32257620861
"1965",0.141730202882416,0,1502.59646954343
"1966",0.0274217217656787,0,318.362056739678
"1967",0.134563645589699,0,468.797860591094
"1968",0.294218199640166,0,2664.46935130986
"1969",0.0128312503038566,0,-1079.23084656044
"1970",0.014738532298244,0,-542.282372007714
"1971",0.0277554622608685,0,207.447277804587
"1972",0.0292484217826104,0,-435.291833053989
"1973",0.427080377048708,0,1860.20063536347
"1974",0.661229338290329,1,3449.92054208519
"1975",0.057758779172426,0,529.466515142703
"1976",0.281284976618108,0,1968.04390638566
"1977",0.00594834495982954,0,-1335.41627392617
"1978",0.383702705586196,0,3209.83917156932
"1979",0.36173954081037,0,2168.53632091425
"1980",0.133263034780901,0,1778.00874052273
"1981",0.0864274617135745,0,1067.72443848425
"1982",0.445815030708789,0,2764.38284122261
"1983",0.0781915553289994,0,1510.09333750767
"1984",0.110606529778707,0,1064.70717996024
"1985",0.128255909545266,0,1345.28299136883
"1986",0.198046785979806,0,2194.83746417619
"1987",0.217970920508347,0,1793.78590496919
"1988",0.101812297655747,0,1301.97455757603
"1989",0.0461415784618247,0,720.357682998502
"1990",0.42646260106273,0,2683.58910840359
"1991",0.0142568486505638,0,-304.487163187475
"1992",0.72905109047694,1,3539.85100780546
"1993",0.567735164092342,1,4052.68754205741
"1994",0.687188496370245,1,3514.82519117852
"1995",0.0908185098748487,0,1525.64438535188
"1996",0.0715049658818222,0,1736.39651196677
"1997",0.323949327957051,0,2596.94884160761
"1998",0.73224496872603,1,4602.43595115846
"1999",0.395490998167756,0,2407.81404861104
"2000",0.0935252564249253,0,226.436829887449
"2001",0.540512914429763,1,2902.19929161429
"2002",0.352670313328239,0,3157.17990191542
"2003",0.677029939391139,1,3918.76623193258
"2004",0.0166853529370464,0,-475.676817696748
"2005",0.672755300149291,1,3510.76321599788
"2006",0.12902804370406,0,1046.39524317777
"2007",0.373636531125251,0,3199.58220266029
"2008",0.0357842839601824,0,-116.801068619393
"2009",0.194160931221755,0,1833.75491367514
"2010",0.386165347911241,0,2525.36327344203
"2011",0.503223798672834,1,2498.21297648523
"2012",0.0622776899735357,0,338.139750326728
"2013",0.960894497009923,1,5264.95129792373
"2014",0.0317045778461164,0,-4.37842343633326
"2015",0.161297649291363,0,2297.16319302004
"2016",0.369898851401267,0,2201.50728615519
"2017",0.0550756411667016,0,762.162901784477
"2018",0.719513898226865,1,3356.1431118166
"2019",0.387673381114507,0,3192.99192353384
"2020",0.0709515628712333,0,790.569672068885
"2021",0.0147892798315001,0,-501.097846264086
"2022",0.240059033430132,0,2182.50379664518
"2023",0.420138873307153,0,1756.59825375989
"2024",0.202166110438763,0,1741.66315400919
"2025",0.230625400186238,0,1171.25758113021
"2026",0.0425605458779439,0,-361.529032999672
"2027",0.111488586745323,0,1087.68716350879
"2028",0.099631584556014,0,1364.49120289799
"2029",0.132408214614014,0,1341.02861927666
"2030",0.668143085766316,1,3220.90147633588
"2031",0.207888979330004,0,1097.31052044795
"2032",0.118372204755152,0,1300.24279573967
"2033",0.0169165638949049,0,-769.273693074165
"2034",0.0886188620572173,0,1032.181327046
"2035",0.656335730868636,1,3599.43130807895
"2036",0.291487541068126,0,2373.74105960934
"2037",0.180353913073904,0,1374.58264159228
"2038",0.0517558102326041,0,584.813939597225
"2039",0.581782098077677,1,2676.67003083481
"2040",0.0743017687326539,0,870.78014547252
"2041",0.0615994895185421,0,301.082957419038
"2042",0.0103163831637918,0,300.239327346191
"2043",0.181236762013092,0,2166.48904880938
"2044",0.257579617109791,0,3004.12528266047
"2045",0.027719451892793,0,117.43305140526
"2046",0.053220668209393,0,-29.3018799299678
"2047",0.0506730537106977,0,-353.347206426116
"2048",0.408665212392138,0,2355.74726021265
"2049",0.201392754591213,0,2042.41985348781
"2050",0.150286905581301,0,2037.71601819491
"2051",0.216995533675742,0,1803.15764183916
"2052",0.202738671115741,0,1604.86773489354
"2053",0.237831320224267,0,2744.37217555912
"2054",0.0490316434818336,0,849.63739474159
"2055",0.667970293122108,1,3473.84721377554
"2056",0.0271857510617575,0,-8.61906664798914
"2057",0.2871558511176,0,2447.09526979552
"2058",0.281516264677015,0,1882.46818882652
"2059",0.076098535634741,0,-399.994132454729
"2060",0.106768675242524,0,956.248956039285
"2061",0.288036826732508,0,1265.73170472986
"2062",0.336465098539207,0,1764.24816957445
"2063",0.478192791339727,0,2180.06579743953
"2064",0.241534926808038,0,1699.40076515035
"2065",0.241745824164039,0,1394.09822688866
"2066",0.0508878832870455,0,483.133849600954
"2067",0.254592422969502,0,2499.56102125229
"2068",0.906340569985716,1,4743.19391197376
"2069",0.188222611935283,0,1744.99415082306
"2070",0.00882892032162529,0,-793.678310926779
"2071",0.0962450341591737,0,1140.60710493689
"2072",0.253603151340559,0,2149.19985866422
"2073",0.442231037021576,0,3562.64517932642
"2074",0.30969231794587,0,2492.78954507179
"2075",0.0218391817597823,0,-68.3561685694038
"2076",0.0576913818893346,0,777.939274593699
"2077",0.670854947814813,1,4086.12833207546
"2078",0.222600820209641,0,1770.16141949777
"2079",0.218829629132512,0,1802.99589243264
"2080",0.861392003720016,1,5056.42317822104
"2081",0.0234014961355792,0,-352.684289512776
"2082",0.35246449046957,0,2822.84811387556
"2083",0.207227633778795,0,1739.84477735493
"2084",0.0109301652705211,0,-825.996095814275
"2085",0.0329196081760048,0,-133.027418896658
"2086",0.0646503003079452,0,295.482580681624
"2087",0.23988024921776,0,1570.4515169203
"2088",0.531710730778076,1,3330.31725185617
"2089",0.0641074152075534,0,243.747353795534
"2090",0.52269704615383,1,2921.72470250586
"2091",0.140535039010743,0,873.857576342617
"2092",0.0223973531348632,0,-175.011119685482
"2093",0.453614129765972,0,2561.93328774729
"2094",0.0822457578103764,0,1576.9634028694
"2095",0.215296742626176,0,1458.41235891479
"2096",0.534539709586908,1,3205.91179563353
"2097",0.174956369942681,0,1868.63980176129
"2098",0.345690655874209,0,1641.85010860072
"2099",0.536291445933361,1,4322.23200590391
"2100",0.621812548586188,1,3195.72916057131
"2101",0.550502134333024,1,3188.27968137715
"2102",0.53645774981438,1,2248.0657832347
"2103",0.829133823129278,1,4677.64824657864
"2104",0.163333755344983,0,1878.73926170586
"2105",0.0114462603039821,0,52.1440948718533
"2106",0.163252082339198,0,1421.87619616562
"2107",0.559770451650192,1,2514.77770078222
"2108",0.0100969360451206,0,-830.436107304255
"2109",0.35900675261386,0,1446.80082732316
"2110",0.0193877304635428,0,49.827192864213
"2111",0.774294170173916,1,4274.01069473313
"2112",0.0625805313685316,0,201.967451993127
"2113",0.384637157765871,0,2716.04687216733
"2114",0.0233361781110727,0,-248.19426880824
"2115",0.162386339444451,0,942.808830405453
"2116",0.0219447225180559,0,-891.710255646696
"2117",0.288529807940597,0,2661.55783034652
"2118",0.310328512621532,0,1887.8217752499
"2119",0.92352912808477,1,5555.00520500875
"2120",0.178344948565196,0,1711.73083169278
"2121",0.035049124394441,0,-94.9139242267078
"2122",0.237945011795259,0,2294.85136035876
"2123",0.715171828974621,1,4241.90412692218
"2124",0.300839122212247,0,2757.83569573896
"2125",0.195475783952755,0,1558.5036055518
"2126",0.0280726889341503,0,-293.730629949367
"2127",0.480989909241974,0,2529.23465419461
"2128",0.0978014559513106,0,1565.17813817092
"2129",0.0558062215232726,0,613.955777161939
"2130",0.0277978648450974,0,-328.18609607458
"2131",0.103364434606541,0,426.473910638354
"2132",0.158789232208409,0,2274.42415321812
"2133",0.10474780786894,0,1568.70511783834
"2134",0.24381196321756,0,1524.86563345568
"2135",0.378317468117225,0,2847.0752973886
"2136",0.0153585981633115,0,-807.093864840535
"2137",0.47347302071497,0,1640.30663596026
"2138",0.0155854952743424,0,-105.235049814102
"2139",0.00807932693965898,0,-1236.57418467334
"2140",0.235229794436091,0,2356.85711429003
"2141",0.119216955215313,0,915.948939307223
